FREQ,Frequenza,REF_AREA,Territorio,DATA_TYPE,Indicatore,SEX,Sesso,AGE,Età,TIME_PERIOD,Osservazione,OBS_STATUS,'Stato dell"'osservazione'
A,Annuale,ITC1,Piemonte,UNEM_R,Tasso di disoccupazione,1,Maschi,Y15-34,15-34 anni,2018,14.195395,,
A,Annuale,ITC1,Piemonte,UNEM_R,Tasso di disoccupazione,1,Maschi,Y15-34,15-34 anni,2019,12.313442,,
A,Annuale,ITC1,Piemonte,UNEM_R,Tasso di disoccupazione,1,Maschi,Y15-34,15-34 anni,2020,12.533102,,
A,Annuale,ITC1,Piemonte,UNEM_R,Tasso di disoccupazione,1,Maschi,Y15-34,15-34 anni,2021,11.306895,,
A,Annuale,ITC1,Piemonte,UNEM_R,Tasso di disoccupazione,1,Maschi,Y15-34,15-34 anni,2022,10.877386,,
A,Annuale,ITC1,Piemonte,UNEM_R,Tasso di disoccupazione,1,Maschi,Y15-34,15-34 anni,2023,9.800074,,
A,Annuale,ITC1,Piemonte,UNEM_R,Tasso di disoccupazione,1,Maschi,Y15-34,15-34 anni,2024,10.236779,,
A,Annuale,ITC1,Piemonte,UNEM_R,Tasso di disoccupazione,2,Femmine,Y15-34,15-34 anni,2018,17.146163,,
A,Annuale,ITC1,Piemonte,UNEM_R,Tasso di disoccupazione,2,Femmine,Y15-34,15-34 anni,2019,16.013009,,
A,Annuale,ITC1,Piemonte,UNEM_R,Tasso di disoccupazione,2,Femmine,Y15-34,15-34 anni,2020,16.006727,,
A,Annuale,ITC1,Piemonte,UNEM_R,Tasso di disoccupazione,2,Femmine,Y15-34,15-34 anni,2021,14.234784,,
A,Annuale,ITC1,Piemonte,UNEM_R,Tasso di disoccupazione,2,Femmine,Y15-34,15-34 anni,2022,13.511406,,
A,Annuale,ITC1,Piemonte,UNEM_R,Tasso di disoccupazione,2,Femmine,Y15-34,15-34 anni,2023,11.660043,,
A,Annuale,ITC1,Piemonte,UNEM_R,Tasso di disoccupazione,2,Femmine,Y15-34,15-34 anni,2024,8.434385,,
A,Annuale,ITC1,Piemonte,UNEM_R,Tasso di disoccupazione,9,Totale,Y15-34,15-34 anni,2018,15.47738,,
A,Annuale,ITC1,Piemonte,UNEM_R,Tasso di disoccupazione,9,Totale,Y15-34,15-34 anni,2019,14.004526,,
A,Annuale,ITC1,Piemonte,UNEM_R,Tasso di disoccupazione,9,Totale,Y15-34,15-34 anni,2020,14.067228,,
A,Annuale,ITC1,Piemonte,UNEM_R,Tasso di disoccupazione,9,Totale,Y15-34,15-34 anni,2021,12.606217,,
A,Annuale,ITC1,Piemonte,UNEM_R,Tasso di disoccupazione,9,Totale,Y15-34,15-34 anni,2022,12.036498,,
A,Annuale,ITC1,Piemonte,UNEM_R,Tasso di disoccupazione,9,Totale,Y15-34,15-34 anni,2023,10.59857,,
A,Annuale,ITC1,Piemonte,UNEM_R,Tasso di disoccupazione,9,Totale,Y15-34,15-34 anni,2024,9.459295,,
A,Annuale,ITC2,'Valle d"'Aosta / Vallée d"'Aoste',UNEM_R,Tasso di disoccupazione,1,Maschi,Y15-34,15-34 anni,2018,12.163806,,
A,Annuale,ITC2,'Valle d"'Aosta / Vallée d"'Aoste',UNEM_R,Tasso di disoccupazione,1,Maschi,Y15-34,15-34 anni,2019,11.800746,,
A,Annuale,ITC2,'Valle d"'Aosta / Vallée d"'Aoste',UNEM_R,Tasso di disoccupazione,1,Maschi,Y15-34,15-34 anni,2020,12.393224,,
A,Annuale,ITC2,'Valle d"'Aosta / Vallée d"'Aoste',UNEM_R,Tasso di disoccupazione,1,Maschi,Y15-34,15-34 anni,2021,14.342347,,
A,Annuale,ITC2,'Valle d"'Aosta / Vallée d"'Aoste',UNEM_R,Tasso di disoccupazione,1,Maschi,Y15-34,15-34 anni,2022,8.491076,,
A,Annuale,ITC2,'Valle d"'Aosta / Vallée d"'Aoste',UNEM_R,Tasso di disoccupazione,1,Maschi,Y15-34,15-34 anni,2023,9.749937,,
A,Annuale,ITC2,'Valle d"'Aosta / Vallée d"'Aoste',UNEM_R,Tasso di disoccupazione,1,Maschi,Y15-34,15-34 anni,2024,6.138206,,
A,Annuale,ITC2,'Valle d"'Aosta / Vallée d"'Aoste',UNEM_R,Tasso di disoccupazione,2,Femmine,Y15-34,15-34 anni,2018,13.14178,,
A,Annuale,ITC2,'Valle d"'Aosta / Vallée d"'Aoste',UNEM_R,Tasso di disoccupazione,2,Femmine,Y15-34,15-34 anni,2019,14.005511,,
A,Annuale,ITC2,'Valle d"'Aosta / Vallée d"'Aoste',UNEM_R,Tasso di disoccupazione,2,Femmine,Y15-34,15-34 anni,2020,10.526316,,
A,Annuale,ITC2,'Valle d"'Aosta / Vallée d"'Aoste',UNEM_R,Tasso di disoccupazione,2,Femmine,Y15-34,15-34 anni,2021,13.263584,,
A,Annuale,ITC2,'Valle d"'Aosta / Vallée d"'Aoste',UNEM_R,Tasso di disoccupazione,2,Femmine,Y15-34,15-34 anni,2022,10.657451,,
A,Annuale,ITC2,'Valle d"'Aosta / Vallée d"'Aoste',UNEM_R,Tasso di disoccupazione,2,Femmine,Y15-34,15-34 anni,2023,7.218992,,
A,Annuale,ITC2,'Valle d"'Aosta / Vallée d"'Aoste',UNEM_R,Tasso di disoccupazione,2,Femmine,Y15-34,15-34 anni,2024,7.892977,,
A,Annuale,ITC2,'Valle d"'Aosta / Vallée d"'Aoste',UNEM_R,Tasso di disoccupazione,9,Totale,Y15-34,15-34 anni,2018,12.617128,,
A,Annuale,ITC2,'Valle d"'Aosta / Vallée d"'Aoste',UNEM_R,Tasso di disoccupazione,9,Totale,Y15-34,15-34 anni,2019,12.795204,,
A,Annuale,ITC2,'Valle d"'Aosta / Vallée d"'Aoste',UNEM_R,Tasso di disoccupazione,9,Totale,Y15-34,15-34 anni,2020,11.552665,,
A,Annuale,ITC2,'Valle d"'Aosta / Vallée d"'Aoste',UNEM_R,Tasso di disoccupazione,9,Totale,Y15-34,15-34 anni,2021,13.849115,,
A,Annuale,ITC2,'Valle d"'Aosta / Vallée d"'Aoste',UNEM_R,Tasso di disoccupazione,9,Totale,Y15-34,15-34 anni,2022,9.480796,,
A,Annuale,ITC2,'Valle d"'Aosta / Vallée d"'Aoste',UNEM_R,Tasso di disoccupazione,9,Totale,Y15-34,15-34 anni,2023,8.639263,,
A,Annuale,ITC2,'Valle d"'Aosta / Vallée d"'Aoste',UNEM_R,Tasso di disoccupazione,9,Totale,Y15-34,15-34 anni,2024,6.901316,,
A,Annuale,ITC3,Liguria,UNEM_R,Tasso di disoccupazione,1,Maschi,Y15-34,15-34 anni,2018,14.388905,,
A,Annuale,ITC3,Liguria,UNEM_R,Tasso di disoccupazione,1,Maschi,Y15-34,15-34 anni,2019,14.053403,,
A,Annuale,ITC3,Liguria,UNEM_R,Tasso di disoccupazione,1,Maschi,Y15-34,15-34 anni,2020,18.197355,,
A,Annuale,ITC3,Liguria,UNEM_R,Tasso di disoccupazione,1,Maschi,Y15-34,15-34 anni,2021,15.858207,,
A,Annuale,ITC3,Liguria,UNEM_R,Tasso di disoccupazione,1,Maschi,Y15-34,15-34 anni,2022,10.153832,,
A,Annuale,ITC3,Liguria,UNEM_R,Tasso di disoccupazione,1,Maschi,Y15-34,15-34 anni,2023,11.410843,,
A,Annuale,ITC3,Liguria,UNEM_R,Tasso di disoccupazione,1,Maschi,Y15-34,15-34 anni,2024,10.861617,,
A,Annuale,ITC3,Liguria,UNEM_R,Tasso di disoccupazione,2,Femmine,Y15-34,15-34 anni,2018,22.60178,,
A,Annuale,ITC3,Liguria,UNEM_R,Tasso di disoccupazione,2,Femmine,Y15-34,15-34 anni,2019,19.247258,,
A,Annuale,ITC3,Liguria,UNEM_R,Tasso di disoccupazione,2,Femmine,Y15-34,15-34 anni,2020,16.962214,,
A,Annuale,ITC3,Liguria,UNEM_R,Tasso di disoccupazione,2,Femmine,Y15-34,15-34 anni,2021,17.030623,,
A,Annuale,ITC3,Liguria,UNEM_R,Tasso di disoccupazione,2,Femmine,Y15-34,15-34 anni,2022,16.81456,,
A,Annuale,ITC3,Liguria,UNEM_R,Tasso di disoccupazione,2,Femmine,Y15-34,15-34 anni,2023,10.951576,,
A,Annuale,ITC3,Liguria,UNEM_R,Tasso di disoccupazione,2,Femmine,Y15-34,15-34 anni,2024,11.684617,,
A,Annuale,ITC3,Liguria,UNEM_R,Tasso di disoccupazione,9,Totale,Y15-34,15-34 anni,2018,18.033096,,
A,Annuale,ITC3,Liguria,UNEM_R,Tasso di disoccupazione,9,Totale,Y15-34,15-34 anni,2019,16.385997,,
A,Annuale,ITC3,Liguria,UNEM_R,Tasso di disoccupazione,9,Totale,Y15-34,15-34 anni,2020,17.645009,,
A,Annuale,ITC3,Liguria,UNEM_R,Tasso di disoccupazione,9,Totale,Y15-34,15-34 anni,2021,16.387154,,
A,Annuale,ITC3,Liguria,UNEM_R,Tasso di disoccupazione,9,Totale,Y15-34,15-34 anni,2022,12.991688,,
A,Annuale,ITC3,Liguria,UNEM_R,Tasso di disoccupazione,9,Totale,Y15-34,15-34 anni,2023,11.21398,,
A,Annuale,ITC3,Liguria,UNEM_R,Tasso di disoccupazione,9,Totale,Y15-34,15-34 anni,2024,11.209267,,
A,Annuale,ITC4,Lombardia,UNEM_R,Tasso di disoccupazione,1,Maschi,Y15-34,15-34 anni,2018,10.821859,,
A,Annuale,ITC4,Lombardia,UNEM_R,Tasso di disoccupazione,1,Maschi,Y15-34,15-34 anni,2019,8.30588,,
A,Annuale,ITC4,Lombardia,UNEM_R,Tasso di disoccupazione,1,Maschi,Y15-34,15-34 anni,2020,8.676102,,
A,Annuale,ITC4,Lombardia,UNEM_R,Tasso di disoccupazione,1,Maschi,Y15-34,15-34 anni,2021,11.234153,,
A,Annuale,ITC4,Lombardia,UNEM_R,Tasso di disoccupazione,1,Maschi,Y15-34,15-34 anni,2022,7.219021,,
A,Annuale,ITC4,Lombardia,UNEM_R,Tasso di disoccupazione,1,Maschi,Y15-34,15-34 anni,2023,6.745681,,
A,Annuale,ITC4,Lombardia,UNEM_R,Tasso di disoccupazione,1,Maschi,Y15-34,15-34 anni,2024,5.968864,,
A,Annuale,ITC4,Lombardia,UNEM_R,Tasso di disoccupazione,2,Femmine,Y15-34,15-34 anni,2018,11.970414,,
A,Annuale,ITC4,Lombardia,UNEM_R,Tasso di disoccupazione,2,Femmine,Y15-34,15-34 anni,2019,10.897021,,
A,Annuale,ITC4,Lombardia,UNEM_R,Tasso di disoccupazione,2,Femmine,Y15-34,15-34 anni,2020,11.200154,,
A,Annuale,ITC4,Lombardia,UNEM_R,Tasso di disoccupazione,2,Femmine,Y15-34,15-34 anni,2021,11.653013,,
A,Annuale,ITC4,Lombardia,UNEM_R,Tasso di disoccupazione,2,Femmine,Y15-34,15-34 anni,2022,9.978561,,
A,Annuale,ITC4,Lombardia,UNEM_R,Tasso di disoccupazione,2,Femmine,Y15-34,15-34 anni,2023,7.172674,,
A,Annuale,ITC4,Lombardia,UNEM_R,Tasso di disoccupazione,2,Femmine,Y15-34,15-34 anni,2024,6.161941,,
A,Annuale,ITC4,Lombardia,UNEM_R,Tasso di disoccupazione,9,Totale,Y15-34,15-34 anni,2018,11.329922,,
A,Annuale,ITC4,Lombardia,UNEM_R,Tasso di disoccupazione,9,Totale,Y15-34,15-34 anni,2019,9.457881,,
A,Annuale,ITC4,Lombardia,UNEM_R,Tasso di disoccupazione,9,Totale,Y15-34,15-34 anni,2020,9.804526,,
A,Annuale,ITC4,Lombardia,UNEM_R,Tasso di disoccupazione,9,Totale,Y15-34,15-34 anni,2021,11.416271,,
A,Annuale,ITC4,Lombardia,UNEM_R,Tasso di disoccupazione,9,Totale,Y15-34,15-34 anni,2022,8.433235,,
A,Annuale,ITC4,Lombardia,UNEM_R,Tasso di disoccupazione,9,Totale,Y15-34,15-34 anni,2023,6.936037,,
A,Annuale,ITC4,Lombardia,UNEM_R,Tasso di disoccupazione,9,Totale,Y15-34,15-34 anni,2024,6.05437,,
A,Annuale,ITDA,Trentino Alto Adige / Südtirol,UNEM_R,Tasso di disoccupazione,1,Maschi,Y15-34,15-34 anni,2018,6.181241,,
A,Annuale,ITDA,Trentino Alto Adige / Südtirol,UNEM_R,Tasso di disoccupazione,1,Maschi,Y15-34,15-34 anni,2019,5.574471,,
A,Annuale,ITDA,Trentino Alto Adige / Südtirol,UNEM_R,Tasso di disoccupazione,1,Maschi,Y15-34,15-34 anni,2020,6.92759,,
A,Annuale,ITDA,Trentino Alto Adige / Südtirol,UNEM_R,Tasso di disoccupazione,1,Maschi,Y15-34,15-34 anni,2021,6.60924,,
A,Annuale,ITDA,Trentino Alto Adige / Südtirol,UNEM_R,Tasso di disoccupazione,1,Maschi,Y15-34,15-34 anni,2022,4.279604,,
A,Annuale,ITDA,Trentino Alto Adige / Südtirol,UNEM_R,Tasso di disoccupazione,1,Maschi,Y15-34,15-34 anni,2023,4.363814,,
A,Annuale,ITDA,Trentino Alto Adige / Südtirol,UNEM_R,Tasso di disoccupazione,1,Maschi,Y15-34,15-34 anni,2024,5.131301,,
A,Annuale,ITDA,Trentino Alto Adige / Südtirol,UNEM_R,Tasso di disoccupazione,2,Femmine,Y15-34,15-34 anni,2018,7.195855,,
A,Annuale,ITDA,Trentino Alto Adige / Südtirol,UNEM_R,Tasso di disoccupazione,2,Femmine,Y15-34,15-34 anni,2019,7.59331,,
A,Annuale,ITDA,Trentino Alto Adige / Südtirol,UNEM_R,Tasso di disoccupazione,2,Femmine,Y15-34,15-34 anni,2020,8.456378,,
A,Annuale,ITDA,Trentino Alto Adige / Südtirol,UNEM_R,Tasso di disoccupazione,2,Femmine,Y15-34,15-34 anni,2021,8.254884,,
A,Annuale,ITDA,Trentino Alto Adige / Südtirol,UNEM_R,Tasso di disoccupazione,2,Femmine,Y15-34,15-34 anni,2022,5.593582,,
A,Annuale,ITDA,Trentino Alto Adige / Südtirol,UNEM_R,Tasso di disoccupazione,2,Femmine,Y15-34,15-34 anni,2023,5.872887,,
A,Annuale,ITDA,Trentino Alto Adige / Südtirol,UNEM_R,Tasso di disoccupazione,2,Femmine,Y15-34,15-34 anni,2024,3.040347,,
A,Annuale,ITDA,Trentino Alto Adige / Südtirol,UNEM_R,Tasso di disoccupazione,9,Totale,Y15-34,15-34 anni,2018,6.637656,,
A,Annuale,ITDA,Trentino Alto Adige / Südtirol,UNEM_R,Tasso di disoccupazione,9,Totale,Y15-34,15-34 anni,2019,6.480775,,
A,Annuale,ITDA,Trentino Alto Adige / Südtirol,UNEM_R,Tasso di disoccupazione,9,Totale,Y15-34,15-34 anni,2020,7.585508,,
A,Annuale,ITDA,Trentino Alto Adige / Südtirol,UNEM_R,Tasso di disoccupazione,9,Totale,Y15-34,15-34 anni,2021,7.322644,,
A,Annuale,ITDA,Trentino Alto Adige / Südtirol,UNEM_R,Tasso di disoccupazione,9,Totale,Y15-34,15-34 anni,2022,4.85868,,
A,Annuale,ITDA,Trentino Alto Adige / Südtirol,UNEM_R,Tasso di disoccupazione,9,Totale,Y15-34,15-34 anni,2023,5.028047,,
A,Annuale,ITDA,Trentino Alto Adige / Südtirol,UNEM_R,Tasso di disoccupazione,9,Totale,Y15-34,15-34 anni,2024,4.229389,,
A,Annuale,ITD1,Provincia Autonoma Bolzano / Bozen,UNEM_R,Tasso di disoccupazione,1,Maschi,Y15-34,15-34 anni,2018,4.591888,,
A,Annuale,ITD1,Provincia Autonoma Bolzano / Bozen,UNEM_R,Tasso di disoccupazione,1,Maschi,Y15-34,15-34 anni,2019,4.75227,,
A,Annuale,ITD1,Provincia Autonoma Bolzano / Bozen,UNEM_R,Tasso di disoccupazione,1,Maschi,Y15-34,15-34 anni,2020,6.313949,,
A,Annuale,ITD1,Provincia Autonoma Bolzano / Bozen,UNEM_R,Tasso di disoccupazione,1,Maschi,Y15-34,15-34 anni,2021,6.093906,,
A,Annuale,ITD1,Provincia Autonoma Bolzano / Bozen,UNEM_R,Tasso di disoccupazione,1,Maschi,Y15-34,15-34 anni,2022,2.324341,,
A,Annuale,ITD1,Provincia Autonoma Bolzano / Bozen,UNEM_R,Tasso di disoccupazione,1,Maschi,Y15-34,15-34 anni,2023,2.883342,,
A,Annuale,ITD1,Provincia Autonoma Bolzano / Bozen,UNEM_R,Tasso di disoccupazione,1,Maschi,Y15-34,15-34 anni,2024,3.888261,,
A,Annuale,ITD1,Provincia Autonoma Bolzano / Bozen,UNEM_R,Tasso di disoccupazione,2,Femmine,Y15-34,15-34 anni,2018,4.997768,,
A,Annuale,ITD1,Provincia Autonoma Bolzano / Bozen,UNEM_R,Tasso di disoccupazione,2,Femmine,Y15-34,15-34 anni,2019,5.247425,,
A,Annuale,ITD1,Provincia Autonoma Bolzano / Bozen,UNEM_R,Tasso di disoccupazione,2,Femmine,Y15-34,15-34 anni,2020,6.208026,,
A,Annuale,ITD1,Provincia Autonoma Bolzano / Bozen,UNEM_R,Tasso di disoccupazione,2,Femmine,Y15-34,15-34 anni,2021,6.928659,,
A,Annuale,ITD1,Provincia Autonoma Bolzano / Bozen,UNEM_R,Tasso di disoccupazione,2,Femmine,Y15-34,15-34 anni,2022,3.92151,,
A,Annuale,ITD1,Provincia Autonoma Bolzano / Bozen,UNEM_R,Tasso di disoccupazione,2,Femmine,Y15-34,15-34 anni,2023,4.480734,,
A,Annuale,ITD1,Provincia Autonoma Bolzano / Bozen,UNEM_R,Tasso di disoccupazione,2,Femmine,Y15-34,15-34 anni,2024,3.437541,,
A,Annuale,ITD1,Provincia Autonoma Bolzano / Bozen,UNEM_R,Tasso di disoccupazione,9,Totale,Y15-34,15-34 anni,2018,4.777317,,
A,Annuale,ITD1,Provincia Autonoma Bolzano / Bozen,UNEM_R,Tasso di disoccupazione,9,Totale,Y15-34,15-34 anni,2019,4.974503,,
A,Annuale,ITD1,Provincia Autonoma Bolzano / Bozen,UNEM_R,Tasso di disoccupazione,9,Totale,Y15-34,15-34 anni,2020,6.269476,,
A,Annuale,ITD1,Provincia Autonoma Bolzano / Bozen,UNEM_R,Tasso di disoccupazione,9,Totale,Y15-34,15-34 anni,2021,6.454071,,
A,Annuale,ITD1,Provincia Autonoma Bolzano / Bozen,UNEM_R,Tasso di disoccupazione,9,Totale,Y15-34,15-34 anni,2022,3.039229,,
A,Annuale,ITD1,Provincia Autonoma Bolzano / Bozen,UNEM_R,Tasso di disoccupazione,9,Totale,Y15-34,15-34 anni,2023,3.585947,,
A,Annuale,ITD1,Provincia Autonoma Bolzano / Bozen,UNEM_R,Tasso di disoccupazione,9,Totale,Y15-34,15-34 anni,2024,3.698594,,
A,Annuale,ITD2,Provincia Autonoma Trento,UNEM_R,Tasso di disoccupazione,1,Maschi,Y15-34,15-34 anni,2018,7.928861,,
A,Annuale,ITD2,Provincia Autonoma Trento,UNEM_R,Tasso di disoccupazione,1,Maschi,Y15-34,15-34 anni,2019,6.529893,,
A,Annuale,ITD2,Provincia Autonoma Trento,UNEM_R,Tasso di disoccupazione,1,Maschi,Y15-34,15-34 anni,2020,7.664793,,
A,Annuale,ITD2,Provincia Autonoma Trento,UNEM_R,Tasso di disoccupazione,1,Maschi,Y15-34,15-34 anni,2021,7.189524,,
A,Annuale,ITD2,Provincia Autonoma Trento,UNEM_R,Tasso di disoccupazione,1,Maschi,Y15-34,15-34 anni,2022,6.376729,,
A,Annuale,ITD2,Provincia Autonoma Trento,UNEM_R,Tasso di disoccupazione,1,Maschi,Y15-34,15-34 anni,2023,5.916232,,
A,Annuale,ITD2,Provincia Autonoma Trento,UNEM_R,Tasso di disoccupazione,1,Maschi,Y15-34,15-34 anni,2024,6.463339,,
A,Annuale,ITD2,Provincia Autonoma Trento,UNEM_R,Tasso di disoccupazione,2,Femmine,Y15-34,15-34 anni,2018,9.747417,,
A,Annuale,ITD2,Provincia Autonoma Trento,UNEM_R,Tasso di disoccupazione,2,Femmine,Y15-34,15-34 anni,2019,10.304834,,
A,Annuale,ITD2,Provincia Autonoma Trento,UNEM_R,Tasso di disoccupazione,2,Femmine,Y15-34,15-34 anni,2020,10.902805,,
A,Annuale,ITD2,Provincia Autonoma Trento,UNEM_R,Tasso di disoccupazione,2,Femmine,Y15-34,15-34 anni,2021,9.723407,,
A,Annuale,ITD2,Provincia Autonoma Trento,UNEM_R,Tasso di disoccupazione,2,Femmine,Y15-34,15-34 anni,2022,7.495237,,
A,Annuale,ITD2,Provincia Autonoma Trento,UNEM_R,Tasso di disoccupazione,2,Femmine,Y15-34,15-34 anni,2023,7.323421,,
A,Annuale,ITD2,Provincia Autonoma Trento,UNEM_R,Tasso di disoccupazione,2,Femmine,Y15-34,15-34 anni,2024,2.65032,,
A,Annuale,ITD2,Provincia Autonoma Trento,UNEM_R,Tasso di disoccupazione,9,Totale,Y15-34,15-34 anni,2018,8.735291,,
A,Annuale,ITD2,Provincia Autonoma Trento,UNEM_R,Tasso di disoccupazione,9,Totale,Y15-34,15-34 anni,2019,8.226981,,
A,Annuale,ITD2,Provincia Autonoma Trento,UNEM_R,Tasso di disoccupazione,9,Totale,Y15-34,15-34 anni,2020,9.10039,,
A,Annuale,ITD2,Provincia Autonoma Trento,UNEM_R,Tasso di disoccupazione,9,Totale,Y15-34,15-34 anni,2021,8.296197,,
A,Annuale,ITD2,Provincia Autonoma Trento,UNEM_R,Tasso di disoccupazione,9,Totale,Y15-34,15-34 anni,2022,6.861286,,
A,Annuale,ITD2,Provincia Autonoma Trento,UNEM_R,Tasso di disoccupazione,9,Totale,Y15-34,15-34 anni,2023,6.535976,,
A,Annuale,ITD2,Provincia Autonoma Trento,UNEM_R,Tasso di disoccupazione,9,Totale,Y15-34,15-34 anni,2024,4.777107,,
A,Annuale,ITD3,Veneto,UNEM_R,Tasso di disoccupazione,1,Maschi,Y15-34,15-34 anni,2018,10.083768,,
A,Annuale,ITD3,Veneto,UNEM_R,Tasso di disoccupazione,1,Maschi,Y15-34,15-34 anni,2019,8.872672,,
A,Annuale,ITD3,Veneto,UNEM_R,Tasso di disoccupazione,1,Maschi,Y15-34,15-34 anni,2020,10.115934,,
A,Annuale,ITD3,Veneto,UNEM_R,Tasso di disoccupazione,1,Maschi,Y15-34,15-34 anni,2021,8.970857,,
A,Annuale,ITD3,Veneto,UNEM_R,Tasso di disoccupazione,1,Maschi,Y15-34,15-34 anni,2022,6.112841,,
A,Annuale,ITD3,Veneto,UNEM_R,Tasso di disoccupazione,1,Maschi,Y15-34,15-34 anni,2023,6.773193,,
A,Annuale,ITD3,Veneto,UNEM_R,Tasso di disoccupazione,1,Maschi,Y15-34,15-34 anni,2024,4.195798,,
A,Annuale,ITD3,Veneto,UNEM_R,Tasso di disoccupazione,2,Femmine,Y15-34,15-34 anni,2018,12.842452,,
A,Annuale,ITD3,Veneto,UNEM_R,Tasso di disoccupazione,2,Femmine,Y15-34,15-34 anni,2019,12.078539,,
A,Annuale,ITD3,Veneto,UNEM_R,Tasso di disoccupazione,2,Femmine,Y15-34,15-34 anni,2020,14.628206,,
A,Annuale,ITD3,Veneto,UNEM_R,Tasso di disoccupazione,2,Femmine,Y15-34,15-34 anni,2021,10.606219,,
A,Annuale,ITD3,Veneto,UNEM_R,Tasso di disoccupazione,2,Femmine,Y15-34,15-34 anni,2022,8.584764,,
A,Annuale,ITD3,Veneto,UNEM_R,Tasso di disoccupazione,2,Femmine,Y15-34,15-34 anni,2023,8.164696,,
A,Annuale,ITD3,Veneto,UNEM_R,Tasso di disoccupazione,2,Femmine,Y15-34,15-34 anni,2024,7.474565,,
A,Annuale,ITD3,Veneto,UNEM_R,Tasso di disoccupazione,9,Totale,Y15-34,15-34 anni,2018,11.336168,,
A,Annuale,ITD3,Veneto,UNEM_R,Tasso di disoccupazione,9,Totale,Y15-34,15-34 anni,2019,10.3084,,
A,Annuale,ITD3,Veneto,UNEM_R,Tasso di disoccupazione,9,Totale,Y15-34,15-34 anni,2020,12.078346,,
A,Annuale,ITD3,Veneto,UNEM_R,Tasso di disoccupazione,9,Totale,Y15-34,15-34 anni,2021,9.677784,,
A,Annuale,ITD3,Veneto,UNEM_R,Tasso di disoccupazione,9,Totale,Y15-34,15-34 anni,2022,7.19052,,
A,Annuale,ITD3,Veneto,UNEM_R,Tasso di disoccupazione,9,Totale,Y15-34,15-34 anni,2023,7.377604,,
A,Annuale,ITD3,Veneto,UNEM_R,Tasso di disoccupazione,9,Totale,Y15-34,15-34 anni,2024,5.587487,,
A,Annuale,ITD4,Friuli-Venezia Giulia,UNEM_R,Tasso di disoccupazione,1,Maschi,Y15-34,15-34 anni,2018,10.831724,,
A,Annuale,ITD4,Friuli-Venezia Giulia,UNEM_R,Tasso di disoccupazione,1,Maschi,Y15-34,15-34 anni,2019,9.761504,,
A,Annuale,ITD4,Friuli-Venezia Giulia,UNEM_R,Tasso di disoccupazione,1,Maschi,Y15-34,15-34 anni,2020,8.77918,,
A,Annuale,ITD4,Friuli-Venezia Giulia,UNEM_R,Tasso di disoccupazione,1,Maschi,Y15-34,15-34 anni,2021,8.922319,,
A,Annuale,ITD4,Friuli-Venezia Giulia,UNEM_R,Tasso di disoccupazione,1,Maschi,Y15-34,15-34 anni,2022,6.945882,,
A,Annuale,ITD4,Friuli-Venezia Giulia,UNEM_R,Tasso di disoccupazione,1,Maschi,Y15-34,15-34 anni,2023,7.344332,,
A,Annuale,ITD4,Friuli-Venezia Giulia,UNEM_R,Tasso di disoccupazione,1,Maschi,Y15-34,15-34 anni,2024,6.465463,,
A,Annuale,ITD4,Friuli-Venezia Giulia,UNEM_R,Tasso di disoccupazione,2,Femmine,Y15-34,15-34 anni,2018,15.960374,,
A,Annuale,ITD4,Friuli-Venezia Giulia,UNEM_R,Tasso di disoccupazione,2,Femmine,Y15-34,15-34 anni,2019,13.247839,,
A,Annuale,ITD4,Friuli-Venezia Giulia,UNEM_R,Tasso di disoccupazione,2,Femmine,Y15-34,15-34 anni,2020,12.599803,,
A,Annuale,ITD4,Friuli-Venezia Giulia,UNEM_R,Tasso di disoccupazione,2,Femmine,Y15-34,15-34 anni,2021,11.902551,,
A,Annuale,ITD4,Friuli-Venezia Giulia,UNEM_R,Tasso di disoccupazione,2,Femmine,Y15-34,15-34 anni,2022,10.208808,,
A,Annuale,ITD4,Friuli-Venezia Giulia,UNEM_R,Tasso di disoccupazione,2,Femmine,Y15-34,15-34 anni,2023,10.072846,,
A,Annuale,ITD4,Friuli-Venezia Giulia,UNEM_R,Tasso di disoccupazione,2,Femmine,Y15-34,15-34 anni,2024,8.530409,,
A,Annuale,ITD4,Friuli-Venezia Giulia,UNEM_R,Tasso di disoccupazione,9,Totale,Y15-34,15-34 anni,2018,13.227987,,
A,Annuale,ITD4,Friuli-Venezia Giulia,UNEM_R,Tasso di disoccupazione,9,Totale,Y15-34,15-34 anni,2019,11.300243,,
A,Annuale,ITD4,Friuli-Venezia Giulia,UNEM_R,Tasso di disoccupazione,9,Totale,Y15-34,15-34 anni,2020,10.420574,,
A,Annuale,ITD4,Friuli-Venezia Giulia,UNEM_R,Tasso di disoccupazione,9,Totale,Y15-34,15-34 anni,2021,10.215444,,
A,Annuale,ITD4,Friuli-Venezia Giulia,UNEM_R,Tasso di disoccupazione,9,Totale,Y15-34,15-34 anni,2022,8.360441,,
A,Annuale,ITD4,Friuli-Venezia Giulia,UNEM_R,Tasso di disoccupazione,9,Totale,Y15-34,15-34 anni,2023,8.490926,,
A,Annuale,ITD4,Friuli-Venezia Giulia,UNEM_R,Tasso di disoccupazione,9,Totale,Y15-34,15-34 anni,2024,7.32847,,
A,Annuale,ITD5,Emilia-Romagna,UNEM_R,Tasso di disoccupazione,1,Maschi,Y15-34,15-34 anni,2018,8.11619,,
A,Annuale,ITD5,Emilia-Romagna,UNEM_R,Tasso di disoccupazione,1,Maschi,Y15-34,15-34 anni,2019,9.587628,,
A,Annuale,ITD5,Emilia-Romagna,UNEM_R,Tasso di disoccupazione,1,Maschi,Y15-34,15-34 anni,2020,10.51097,,
A,Annuale,ITD5,Emilia-Romagna,UNEM_R,Tasso di disoccupazione,1,Maschi,Y15-34,15-34 anni,2021,8.30778,,
A,Annuale,ITD5,Emilia-Romagna,UNEM_R,Tasso di disoccupazione,1,Maschi,Y15-34,15-34 anni,2022,8.074224,,
A,Annuale,ITD5,Emilia-Romagna,UNEM_R,Tasso di disoccupazione,1,Maschi,Y15-34,15-34 anni,2023,7.515174,,
A,Annuale,ITD5,Emilia-Romagna,UNEM_R,Tasso di disoccupazione,1,Maschi,Y15-34,15-34 anni,2024,6.922692,,
A,Annuale,ITD5,Emilia-Romagna,UNEM_R,Tasso di disoccupazione,2,Femmine,Y15-34,15-34 anni,2018,13.139767,,
A,Annuale,ITD5,Emilia-Romagna,UNEM_R,Tasso di disoccupazione,2,Femmine,Y15-34,15-34 anni,2019,12.902093,,
A,Annuale,ITD5,Emilia-Romagna,UNEM_R,Tasso di disoccupazione,2,Femmine,Y15-34,15-34 anni,2020,14.355596,,
A,Annuale,ITD5,Emilia-Romagna,UNEM_R,Tasso di disoccupazione,2,Femmine,Y15-34,15-34 anni,2021,13.752191,,
A,Annuale,ITD5,Emilia-Romagna,UNEM_R,Tasso di disoccupazione,2,Femmine,Y15-34,15-34 anni,2022,9.989037,,
A,Annuale,ITD5,Emilia-Romagna,UNEM_R,Tasso di disoccupazione,2,Femmine,Y15-34,15-34 anni,2023,10.321509,,
A,Annuale,ITD5,Emilia-Romagna,UNEM_R,Tasso di disoccupazione,2,Femmine,Y15-34,15-34 anni,2024,8.524099,,
A,Annuale,ITD5,Emilia-Romagna,UNEM_R,Tasso di disoccupazione,9,Totale,Y15-34,15-34 anni,2018,10.350604,,
A,Annuale,ITD5,Emilia-Romagna,UNEM_R,Tasso di disoccupazione,9,Totale,Y15-34,15-34 anni,2019,11.074251,,
A,Annuale,ITD5,Emilia-Romagna,UNEM_R,Tasso di disoccupazione,9,Totale,Y15-34,15-34 anni,2020,12.164705,,
A,Annuale,ITD5,Emilia-Romagna,UNEM_R,Tasso di disoccupazione,9,Totale,Y15-34,15-34 anni,2021,10.723155,,
A,Annuale,ITD5,Emilia-Romagna,UNEM_R,Tasso di disoccupazione,9,Totale,Y15-34,15-34 anni,2022,8.917578,,
A,Annuale,ITD5,Emilia-Romagna,UNEM_R,Tasso di disoccupazione,9,Totale,Y15-34,15-34 anni,2023,8.745698,,
A,Annuale,ITD5,Emilia-Romagna,UNEM_R,Tasso di disoccupazione,9,Totale,Y15-34,15-34 anni,2024,7.605901,,
A,Annuale,ITE1,Toscana,UNEM_R,Tasso di disoccupazione,1,Maschi,Y15-34,15-34 anni,2018,12.200477,,
A,Annuale,ITE1,Toscana,UNEM_R,Tasso di disoccupazione,1,Maschi,Y15-34,15-34 anni,2019,11.841528,,
A,Annuale,ITE1,Toscana,UNEM_R,Tasso di disoccupazione,1,Maschi,Y15-34,15-34 anni,2020,11.276072,,
A,Annuale,ITE1,Toscana,UNEM_R,Tasso di disoccupazione,1,Maschi,Y15-34,15-34 anni,2021,10.816613,,
A,Annuale,ITE1,Toscana,UNEM_R,Tasso di disoccupazione,1,Maschi,Y15-34,15-34 anni,2022,10.100168,,
A,Annuale,ITE1,Toscana,UNEM_R,Tasso di disoccupazione,1,Maschi,Y15-34,15-34 anni,2023,9.965962,,
A,Annuale,ITE1,Toscana,UNEM_R,Tasso di disoccupazione,1,Maschi,Y15-34,15-34 anni,2024,6.260683,,
A,Annuale,ITE1,Toscana,UNEM_R,Tasso di disoccupazione,2,Femmine,Y15-34,15-34 anni,2018,15.684571,,
A,Annuale,ITE1,Toscana,UNEM_R,Tasso di disoccupazione,2,Femmine,Y15-34,15-34 anni,2019,14.569324,,
A,Annuale,ITE1,Toscana,UNEM_R,Tasso di disoccupazione,2,Femmine,Y15-34,15-34 anni,2020,15.993844,,
A,Annuale,ITE1,Toscana,UNEM_R,Tasso di disoccupazione,2,Femmine,Y15-34,15-34 anni,2021,16.492014,,
A,Annuale,ITE1,Toscana,UNEM_R,Tasso di disoccupazione,2,Femmine,Y15-34,15-34 anni,2022,11.563185,,
A,Annuale,ITE1,Toscana,UNEM_R,Tasso di disoccupazione,2,Femmine,Y15-34,15-34 anni,2023,10.299796,,
A,Annuale,ITE1,Toscana,UNEM_R,Tasso di disoccupazione,2,Femmine,Y15-34,15-34 anni,2024,9.000018,,
A,Annuale,ITE1,Toscana,UNEM_R,Tasso di disoccupazione,9,Totale,Y15-34,15-34 anni,2018,13.818612,,
A,Annuale,ITE1,Toscana,UNEM_R,Tasso di disoccupazione,9,Totale,Y15-34,15-34 anni,2019,13.07168,,
A,Annuale,ITE1,Toscana,UNEM_R,Tasso di disoccupazione,9,Totale,Y15-34,15-34 anni,2020,13.346188,,
A,Annuale,ITE1,Toscana,UNEM_R,Tasso di disoccupazione,9,Totale,Y15-34,15-34 anni,2021,13.347537,,
A,Annuale,ITE1,Toscana,UNEM_R,Tasso di disoccupazione,9,Totale,Y15-34,15-34 anni,2022,10.750328,,
A,Annuale,ITE1,Toscana,UNEM_R,Tasso di disoccupazione,9,Totale,Y15-34,15-34 anni,2023,10.109834,,
A,Annuale,ITE1,Toscana,UNEM_R,Tasso di disoccupazione,9,Totale,Y15-34,15-34 anni,2024,7.440535,,
A,Annuale,ITE2,Umbria,UNEM_R,Tasso di disoccupazione,1,Maschi,Y15-34,15-34 anni,2018,13.475095,,
A,Annuale,ITE2,Umbria,UNEM_R,Tasso di disoccupazione,1,Maschi,Y15-34,15-34 anni,2019,14.84397,,
A,Annuale,ITE2,Umbria,UNEM_R,Tasso di disoccupazione,1,Maschi,Y15-34,15-34 anni,2020,17.5759,,
A,Annuale,ITE2,Umbria,UNEM_R,Tasso di disoccupazione,1,Maschi,Y15-34,15-34 anni,2021,13.472202,,
A,Annuale,ITE2,Umbria,UNEM_R,Tasso di disoccupazione,1,Maschi,Y15-34,15-34 anni,2022,12.774802,,
A,Annuale,ITE2,Umbria,UNEM_R,Tasso di disoccupazione,1,Maschi,Y15-34,15-34 anni,2023,9.76614,,
A,Annuale,ITE2,Umbria,UNEM_R,Tasso di disoccupazione,1,Maschi,Y15-34,15-34 anni,2024,8.310072,,
A,Annuale,ITE2,Umbria,UNEM_R,Tasso di disoccupazione,2,Femmine,Y15-34,15-34 anni,2018,21.086609,,
A,Annuale,ITE2,Umbria,UNEM_R,Tasso di disoccupazione,2,Femmine,Y15-34,15-34 anni,2019,14.53609,,
A,Annuale,ITE2,Umbria,UNEM_R,Tasso di disoccupazione,2,Femmine,Y15-34,15-34 anni,2020,18.612732,,
A,Annuale,ITE2,Umbria,UNEM_R,Tasso di disoccupazione,2,Femmine,Y15-34,15-34 anni,2021,16.290629,,
A,Annuale,ITE2,Umbria,UNEM_R,Tasso di disoccupazione,2,Femmine,Y15-34,15-34 anni,2022,14.28263,,
A,Annuale,ITE2,Umbria,UNEM_R,Tasso di disoccupazione,2,Femmine,Y15-34,15-34 anni,2023,11.48062,,
A,Annuale,ITE2,Umbria,UNEM_R,Tasso di disoccupazione,2,Femmine,Y15-34,15-34 anni,2024,10.043337,,
A,Annuale,ITE2,Umbria,UNEM_R,Tasso di disoccupazione,9,Totale,Y15-34,15-34 anni,2018,16.64072,,
A,Annuale,ITE2,Umbria,UNEM_R,Tasso di disoccupazione,9,Totale,Y15-34,15-34 anni,2019,14.708697,,
A,Annuale,ITE2,Umbria,UNEM_R,Tasso di disoccupazione,9,Totale,Y15-34,15-34 anni,2020,18.03216,,
A,Annuale,ITE2,Umbria,UNEM_R,Tasso di disoccupazione,9,Totale,Y15-34,15-34 anni,2021,14.674321,,
A,Annuale,ITE2,Umbria,UNEM_R,Tasso di disoccupazione,9,Totale,Y15-34,15-34 anni,2022,13.429026,,
A,Annuale,ITE2,Umbria,UNEM_R,Tasso di disoccupazione,9,Totale,Y15-34,15-34 anni,2023,10.487008,,
A,Annuale,ITE2,Umbria,UNEM_R,Tasso di disoccupazione,9,Totale,Y15-34,15-34 anni,2024,9.060422,,
A,Annuale,ITE3,Marche,UNEM_R,Tasso di disoccupazione,1,Maschi,Y15-34,15-34 anni,2018,12.107078,,
A,Annuale,ITE3,Marche,UNEM_R,Tasso di disoccupazione,1,Maschi,Y15-34,15-34 anni,2019,12.983184,,
A,Annuale,ITE3,Marche,UNEM_R,Tasso di disoccupazione,1,Maschi,Y15-34,15-34 anni,2020,12.588215,,
A,Annuale,ITE3,Marche,UNEM_R,Tasso di disoccupazione,1,Maschi,Y15-34,15-34 anni,2021,12.14514,,
A,Annuale,ITE3,Marche,UNEM_R,Tasso di disoccupazione,1,Maschi,Y15-34,15-34 anni,2022,10.114627,,
A,Annuale,ITE3,Marche,UNEM_R,Tasso di disoccupazione,1,Maschi,Y15-34,15-34 anni,2023,8.784368,,
A,Annuale,ITE3,Marche,UNEM_R,Tasso di disoccupazione,1,Maschi,Y15-34,15-34 anni,2024,7.960943,,
A,Annuale,ITE3,Marche,UNEM_R,Tasso di disoccupazione,2,Femmine,Y15-34,15-34 anni,2018,15.484041,,
A,Annuale,ITE3,Marche,UNEM_R,Tasso di disoccupazione,2,Femmine,Y15-34,15-34 anni,2019,17.78708,,
A,Annuale,ITE3,Marche,UNEM_R,Tasso di disoccupazione,2,Femmine,Y15-34,15-34 anni,2020,17.977899,,
A,Annuale,ITE3,Marche,UNEM_R,Tasso di disoccupazione,2,Femmine,Y15-34,15-34 anni,2021,14.7022,,
A,Annuale,ITE3,Marche,UNEM_R,Tasso di disoccupazione,2,Femmine,Y15-34,15-34 anni,2022,10.331366,,
A,Annuale,ITE3,Marche,UNEM_R,Tasso di disoccupazione,2,Femmine,Y15-34,15-34 anni,2023,9.620226,,
A,Annuale,ITE3,Marche,UNEM_R,Tasso di disoccupazione,2,Femmine,Y15-34,15-34 anni,2024,8.795528,,
A,Annuale,ITE3,Marche,UNEM_R,Tasso di disoccupazione,9,Totale,Y15-34,15-34 anni,2018,13.530087,,
A,Annuale,ITE3,Marche,UNEM_R,Tasso di disoccupazione,9,Totale,Y15-34,15-34 anni,2019,15.123392,,
A,Annuale,ITE3,Marche,UNEM_R,Tasso di disoccupazione,9,Totale,Y15-34,15-34 anni,2020,14.9509,,
A,Annuale,ITE3,Marche,UNEM_R,Tasso di disoccupazione,9,Totale,Y15-34,15-34 anni,2021,13.215865,,
A,Annuale,ITE3,Marche,UNEM_R,Tasso di disoccupazione,9,Totale,Y15-34,15-34 anni,2022,10.204173,,
A,Annuale,ITE3,Marche,UNEM_R,Tasso di disoccupazione,9,Totale,Y15-34,15-34 anni,2023,9.131593,,
A,Annuale,ITE3,Marche,UNEM_R,Tasso di disoccupazione,9,Totale,Y15-34,15-34 anni,2024,8.326903,,
A,Annuale,ITE4,Lazio,UNEM_R,Tasso di disoccupazione,1,Maschi,Y15-34,15-34 anni,2018,20.763557,,
A,Annuale,ITE4,Lazio,UNEM_R,Tasso di disoccupazione,1,Maschi,Y15-34,15-34 anni,2019,18.842142,,
A,Annuale,ITE4,Lazio,UNEM_R,Tasso di disoccupazione,1,Maschi,Y15-34,15-34 anni,2020,18.999562,,
A,Annuale,ITE4,Lazio,UNEM_R,Tasso di disoccupazione,1,Maschi,Y15-34,15-34 anni,2021,20.047673,,
A,Annuale,ITE4,Lazio,UNEM_R,Tasso di disoccupazione,1,Maschi,Y15-34,15-34 anni,2022,13.131503,,
A,Annuale,ITE4,Lazio,UNEM_R,Tasso di disoccupazione,1,Maschi,Y15-34,15-34 anni,2023,11.124901,,
A,Annuale,ITE4,Lazio,UNEM_R,Tasso di disoccupazione,1,Maschi,Y15-34,15-34 anni,2024,10.843665,,
A,Annuale,ITE4,Lazio,UNEM_R,Tasso di disoccupazione,2,Femmine,Y15-34,15-34 anni,2018,20.847877,,
A,Annuale,ITE4,Lazio,UNEM_R,Tasso di disoccupazione,2,Femmine,Y15-34,15-34 anni,2019,18.234029,,
A,Annuale,ITE4,Lazio,UNEM_R,Tasso di disoccupazione,2,Femmine,Y15-34,15-34 anni,2020,18.11918,,
A,Annuale,ITE4,Lazio,UNEM_R,Tasso di disoccupazione,2,Femmine,Y15-34,15-34 anni,2021,19.473168,,
A,Annuale,ITE4,Lazio,UNEM_R,Tasso di disoccupazione,2,Femmine,Y15-34,15-34 anni,2022,16.498691,,
A,Annuale,ITE4,Lazio,UNEM_R,Tasso di disoccupazione,2,Femmine,Y15-34,15-34 anni,2023,13.950426,,
A,Annuale,ITE4,Lazio,UNEM_R,Tasso di disoccupazione,2,Femmine,Y15-34,15-34 anni,2024,14.149268,,
A,Annuale,ITE4,Lazio,UNEM_R,Tasso di disoccupazione,9,Totale,Y15-34,15-34 anni,2018,20.801085,,
A,Annuale,ITE4,Lazio,UNEM_R,Tasso di disoccupazione,9,Totale,Y15-34,15-34 anni,2019,18.570178,,
A,Annuale,ITE4,Lazio,UNEM_R,Tasso di disoccupazione,9,Totale,Y15-34,15-34 anni,2020,18.62701,,
A,Annuale,ITE4,Lazio,UNEM_R,Tasso di disoccupazione,9,Totale,Y15-34,15-34 anni,2021,19.80005,,
A,Annuale,ITE4,Lazio,UNEM_R,Tasso di disoccupazione,9,Totale,Y15-34,15-34 anni,2022,14.620363,,
A,Annuale,ITE4,Lazio,UNEM_R,Tasso di disoccupazione,9,Totale,Y15-34,15-34 anni,2023,12.353885,,
A,Annuale,ITE4,Lazio,UNEM_R,Tasso di disoccupazione,9,Totale,Y15-34,15-34 anni,2024,12.303286,,
A,Annuale,ITF1,Abruzzo,UNEM_R,Tasso di disoccupazione,1,Maschi,Y15-34,15-34 anni,2018,14.459253,,
A,Annuale,ITF1,Abruzzo,UNEM_R,Tasso di disoccupazione,1,Maschi,Y15-34,15-34 anni,2019,18.4389,,
A,Annuale,ITF1,Abruzzo,UNEM_R,Tasso di disoccupazione,1,Maschi,Y15-34,15-34 anni,2020,15.232903,,
A,Annuale,ITF1,Abruzzo,UNEM_R,Tasso di disoccupazione,1,Maschi,Y15-34,15-34 anni,2021,14.666023,,
A,Annuale,ITF1,Abruzzo,UNEM_R,Tasso di disoccupazione,1,Maschi,Y15-34,15-34 anni,2022,12.958079,,
A,Annuale,ITF1,Abruzzo,UNEM_R,Tasso di disoccupazione,1,Maschi,Y15-34,15-34 anni,2023,13.116024,,
A,Annuale,ITF1,Abruzzo,UNEM_R,Tasso di disoccupazione,1,Maschi,Y15-34,15-34 anni,2024,16.110688,,
A,Annuale,ITF1,Abruzzo,UNEM_R,Tasso di disoccupazione,2,Femmine,Y15-34,15-34 anni,2018,25.219613,,
A,Annuale,ITF1,Abruzzo,UNEM_R,Tasso di disoccupazione,2,Femmine,Y15-34,15-34 anni,2019,26.424729,,
A,Annuale,ITF1,Abruzzo,UNEM_R,Tasso di disoccupazione,2,Femmine,Y15-34,15-34 anni,2020,24.704577,,
A,Annuale,ITF1,Abruzzo,UNEM_R,Tasso di disoccupazione,2,Femmine,Y15-34,15-34 anni,2021,22.109858,,
A,Annuale,ITF1,Abruzzo,UNEM_R,Tasso di disoccupazione,2,Femmine,Y15-34,15-34 anni,2022,20.02674,,
A,Annuale,ITF1,Abruzzo,UNEM_R,Tasso di disoccupazione,2,Femmine,Y15-34,15-34 anni,2023,15.305885,,
A,Annuale,ITF1,Abruzzo,UNEM_R,Tasso di disoccupazione,2,Femmine,Y15-34,15-34 anni,2024,16.399147,,
A,Annuale,ITF1,Abruzzo,UNEM_R,Tasso di disoccupazione,9,Totale,Y15-34,15-34 anni,2018,18.916455,,
A,Annuale,ITF1,Abruzzo,UNEM_R,Tasso di disoccupazione,9,Totale,Y15-34,15-34 anni,2019,21.54114,,
A,Annuale,ITF1,Abruzzo,UNEM_R,Tasso di disoccupazione,9,Totale,Y15-34,15-34 anni,2020,18.853707,,
A,Annuale,ITF1,Abruzzo,UNEM_R,Tasso di disoccupazione,9,Totale,Y15-34,15-34 anni,2021,17.651832,,
A,Annuale,ITF1,Abruzzo,UNEM_R,Tasso di disoccupazione,9,Totale,Y15-34,15-34 anni,2022,15.857033,,
A,Annuale,ITF1,Abruzzo,UNEM_R,Tasso di disoccupazione,9,Totale,Y15-34,15-34 anni,2023,14.018243,,
A,Annuale,ITF1,Abruzzo,UNEM_R,Tasso di disoccupazione,9,Totale,Y15-34,15-34 anni,2024,16.225758,,
A,Annuale,ITF2,Molise,UNEM_R,Tasso di disoccupazione,1,Maschi,Y15-34,15-34 anni,2018,23.515874,,
A,Annuale,ITF2,Molise,UNEM_R,Tasso di disoccupazione,1,Maschi,Y15-34,15-34 anni,2019,22.43699,,
A,Annuale,ITF2,Molise,UNEM_R,Tasso di disoccupazione,1,Maschi,Y15-34,15-34 anni,2020,18.24865,,
A,Annuale,ITF2,Molise,UNEM_R,Tasso di disoccupazione,1,Maschi,Y15-34,15-34 anni,2021,20.190759,,
A,Annuale,ITF2,Molise,UNEM_R,Tasso di disoccupazione,1,Maschi,Y15-34,15-34 anni,2022,20.710431,,
A,Annuale,ITF2,Molise,UNEM_R,Tasso di disoccupazione,1,Maschi,Y15-34,15-34 anni,2023,17.657046,,
A,Annuale,ITF2,Molise,UNEM_R,Tasso di disoccupazione,1,Maschi,Y15-34,15-34 anni,2024,15.676842,,
A,Annuale,ITF2,Molise,UNEM_R,Tasso di disoccupazione,2,Femmine,Y15-34,15-34 anni,2018,32.292938,,
A,Annuale,ITF2,Molise,UNEM_R,Tasso di disoccupazione,2,Femmine,Y15-34,15-34 anni,2019,25.234667,,
A,Annuale,ITF2,Molise,UNEM_R,Tasso di disoccupazione,2,Femmine,Y15-34,15-34 anni,2020,26.605691,,
A,Annuale,ITF2,Molise,UNEM_R,Tasso di disoccupazione,2,Femmine,Y15-34,15-34 anni,2021,26.943609,,
A,Annuale,ITF2,Molise,UNEM_R,Tasso di disoccupazione,2,Femmine,Y15-34,15-34 anni,2022,21.962812,,
A,Annuale,ITF2,Molise,UNEM_R,Tasso di disoccupazione,2,Femmine,Y15-34,15-34 anni,2023,22.626837,,
A,Annuale,ITF2,Molise,UNEM_R,Tasso di disoccupazione,2,Femmine,Y15-34,15-34 anni,2024,16.454475,,
A,Annuale,ITF2,Molise,UNEM_R,Tasso di disoccupazione,9,Totale,Y15-34,15-34 anni,2018,27.058699,,
A,Annuale,ITF2,Molise,UNEM_R,Tasso di disoccupazione,9,Totale,Y15-34,15-34 anni,2019,23.533614,,
A,Annuale,ITF2,Molise,UNEM_R,Tasso di disoccupazione,9,Totale,Y15-34,15-34 anni,2020,21.510452,,
A,Annuale,ITF2,Molise,UNEM_R,Tasso di disoccupazione,9,Totale,Y15-34,15-34 anni,2021,22.821279,,
A,Annuale,ITF2,Molise,UNEM_R,Tasso di disoccupazione,9,Totale,Y15-34,15-34 anni,2022,21.248254,,
A,Annuale,ITF2,Molise,UNEM_R,Tasso di disoccupazione,9,Totale,Y15-34,15-34 anni,2023,19.551131,,
A,Annuale,ITF2,Molise,UNEM_R,Tasso di disoccupazione,9,Totale,Y15-34,15-34 anni,2024,15.976376,,
A,Annuale,ITF3,Campania,UNEM_R,Tasso di disoccupazione,1,Maschi,Y15-34,15-34 anni,2018,33.216181,,
A,Annuale,ITF3,Campania,UNEM_R,Tasso di disoccupazione,1,Maschi,Y15-34,15-34 anni,2019,31.276219,,
A,Annuale,ITF3,Campania,UNEM_R,Tasso di disoccupazione,1,Maschi,Y15-34,15-34 anni,2020,31.821933,,
A,Annuale,ITF3,Campania,UNEM_R,Tasso di disoccupazione,1,Maschi,Y15-34,15-34 anni,2021,28.82448,,
A,Annuale,ITF3,Campania,UNEM_R,Tasso di disoccupazione,1,Maschi,Y15-34,15-34 anni,2022,25.248072,,
A,Annuale,ITF3,Campania,UNEM_R,Tasso di disoccupazione,1,Maschi,Y15-34,15-34 anni,2023,25.431398,,
A,Annuale,ITF3,Campania,UNEM_R,Tasso di disoccupazione,1,Maschi,Y15-34,15-34 anni,2024,24.393514,,
A,Annuale,ITF3,Campania,UNEM_R,Tasso di disoccupazione,2,Femmine,Y15-34,15-34 anni,2018,41.552383,,
A,Annuale,ITF3,Campania,UNEM_R,Tasso di disoccupazione,2,Femmine,Y15-34,15-34 anni,2019,38.608113,,
A,Annuale,ITF3,Campania,UNEM_R,Tasso di disoccupazione,2,Femmine,Y15-34,15-34 anni,2020,36.447795,,
A,Annuale,ITF3,Campania,UNEM_R,Tasso di disoccupazione,2,Femmine,Y15-34,15-34 anni,2021,36.824425,,
A,Annuale,ITF3,Campania,UNEM_R,Tasso di disoccupazione,2,Femmine,Y15-34,15-34 anni,2022,32.863384,,
A,Annuale,ITF3,Campania,UNEM_R,Tasso di disoccupazione,2,Femmine,Y15-34,15-34 anni,2023,31.688408,,
A,Annuale,ITF3,Campania,UNEM_R,Tasso di disoccupazione,2,Femmine,Y15-34,15-34 anni,2024,26.724935,,
A,Annuale,ITF3,Campania,UNEM_R,Tasso di disoccupazione,9,Totale,Y15-34,15-34 anni,2018,36.514492,,
A,Annuale,ITF3,Campania,UNEM_R,Tasso di disoccupazione,9,Totale,Y15-34,15-34 anni,2019,34.157143,,
A,Annuale,ITF3,Campania,UNEM_R,Tasso di disoccupazione,9,Totale,Y15-34,15-34 anni,2020,33.543905,,
A,Annuale,ITF3,Campania,UNEM_R,Tasso di disoccupazione,9,Totale,Y15-34,15-34 anni,2021,31.935741,,
A,Annuale,ITF3,Campania,UNEM_R,Tasso di disoccupazione,9,Totale,Y15-34,15-34 anni,2022,28.297874,,
A,Annuale,ITF3,Campania,UNEM_R,Tasso di disoccupazione,9,Totale,Y15-34,15-34 anni,2023,27.914732,,
A,Annuale,ITF3,Campania,UNEM_R,Tasso di disoccupazione,9,Totale,Y15-34,15-34 anni,2024,25.32008,,
A,Annuale,ITF4,Puglia,UNEM_R,Tasso di disoccupazione,1,Maschi,Y15-34,15-34 anni,2018,26.196474,,
A,Annuale,ITF4,Puglia,UNEM_R,Tasso di disoccupazione,1,Maschi,Y15-34,15-34 anni,2019,26.36858,,
A,Annuale,ITF4,Puglia,UNEM_R,Tasso di disoccupazione,1,Maschi,Y15-34,15-34 anni,2020,23.137699,,
A,Annuale,ITF4,Puglia,UNEM_R,Tasso di disoccupazione,1,Maschi,Y15-34,15-34 anni,2021,26.071606,,
A,Annuale,ITF4,Puglia,UNEM_R,Tasso di disoccupazione,1,Maschi,Y15-34,15-34 anni,2022,17.828066,,
A,Annuale,ITF4,Puglia,UNEM_R,Tasso di disoccupazione,1,Maschi,Y15-34,15-34 anni,2023,16.303342,,
A,Annuale,ITF4,Puglia,UNEM_R,Tasso di disoccupazione,1,Maschi,Y15-34,15-34 anni,2024,16.018711,,
A,Annuale,ITF4,Puglia,UNEM_R,Tasso di disoccupazione,2,Femmine,Y15-34,15-34 anni,2018,32.238005,,
A,Annuale,ITF4,Puglia,UNEM_R,Tasso di disoccupazione,2,Femmine,Y15-34,15-34 anni,2019,28.408366,,
A,Annuale,ITF4,Puglia,UNEM_R,Tasso di disoccupazione,2,Femmine,Y15-34,15-34 anni,2020,27.077204,,
A,Annuale,ITF4,Puglia,UNEM_R,Tasso di disoccupazione,2,Femmine,Y15-34,15-34 anni,2021,28.781835,,
A,Annuale,ITF4,Puglia,UNEM_R,Tasso di disoccupazione,2,Femmine,Y15-34,15-34 anni,2022,29.682409,,
A,Annuale,ITF4,Puglia,UNEM_R,Tasso di disoccupazione,2,Femmine,Y15-34,15-34 anni,2023,27.374085,,
A,Annuale,ITF4,Puglia,UNEM_R,Tasso di disoccupazione,2,Femmine,Y15-34,15-34 anni,2024,19.719446,,
A,Annuale,ITF4,Puglia,UNEM_R,Tasso di disoccupazione,9,Totale,Y15-34,15-34 anni,2018,28.692562,,
A,Annuale,ITF4,Puglia,UNEM_R,Tasso di disoccupazione,9,Totale,Y15-34,15-34 anni,2019,27.17375,,
A,Annuale,ITF4,Puglia,UNEM_R,Tasso di disoccupazione,9,Totale,Y15-34,15-34 anni,2020,24.674892,,
A,Annuale,ITF4,Puglia,UNEM_R,Tasso di disoccupazione,9,Totale,Y15-34,15-34 anni,2021,27.15324,,
A,Annuale,ITF4,Puglia,UNEM_R,Tasso di disoccupazione,9,Totale,Y15-34,15-34 anni,2022,22.519983,,
A,Annuale,ITF4,Puglia,UNEM_R,Tasso di disoccupazione,9,Totale,Y15-34,15-34 anni,2023,20.770737,,
A,Annuale,ITF4,Puglia,UNEM_R,Tasso di disoccupazione,9,Totale,Y15-34,15-34 anni,2024,17.534658,,
A,Annuale,ITF5,Basilicata,UNEM_R,Tasso di disoccupazione,1,Maschi,Y15-34,15-34 anni,2018,21.975057,,
A,Annuale,ITF5,Basilicata,UNEM_R,Tasso di disoccupazione,1,Maschi,Y15-34,15-34 anni,2019,17.098802,,
A,Annuale,ITF5,Basilicata,UNEM_R,Tasso di disoccupazione,1,Maschi,Y15-34,15-34 anni,2020,15.344687,,
A,Annuale,ITF5,Basilicata,UNEM_R,Tasso di disoccupazione,1,Maschi,Y15-34,15-34 anni,2021,16.743377,,
A,Annuale,ITF5,Basilicata,UNEM_R,Tasso di disoccupazione,1,Maschi,Y15-34,15-34 anni,2022,12.461822,,
A,Annuale,ITF5,Basilicata,UNEM_R,Tasso di disoccupazione,1,Maschi,Y15-34,15-34 anni,2023,13.252734,,
A,Annuale,ITF5,Basilicata,UNEM_R,Tasso di disoccupazione,1,Maschi,Y15-34,15-34 anni,2024,10.574955,,
A,Annuale,ITF5,Basilicata,UNEM_R,Tasso di disoccupazione,2,Femmine,Y15-34,15-34 anni,2018,28.144716,,
A,Annuale,ITF5,Basilicata,UNEM_R,Tasso di disoccupazione,2,Femmine,Y15-34,15-34 anni,2019,27.555694,,
A,Annuale,ITF5,Basilicata,UNEM_R,Tasso di disoccupazione,2,Femmine,Y15-34,15-34 anni,2020,24.500897,,
A,Annuale,ITF5,Basilicata,UNEM_R,Tasso di disoccupazione,2,Femmine,Y15-34,15-34 anni,2021,18.772268,,
A,Annuale,ITF5,Basilicata,UNEM_R,Tasso di disoccupazione,2,Femmine,Y15-34,15-34 anni,2022,21.350977,,
A,Annuale,ITF5,Basilicata,UNEM_R,Tasso di disoccupazione,2,Femmine,Y15-34,15-34 anni,2023,18.89547,,
A,Annuale,ITF5,Basilicata,UNEM_R,Tasso di disoccupazione,2,Femmine,Y15-34,15-34 anni,2024,17.769008,,
A,Annuale,ITF5,Basilicata,UNEM_R,Tasso di disoccupazione,9,Totale,Y15-34,15-34 anni,2018,24.308404,,
A,Annuale,ITF5,Basilicata,UNEM_R,Tasso di disoccupazione,9,Totale,Y15-34,15-34 anni,2019,20.917281,,
A,Annuale,ITF5,Basilicata,UNEM_R,Tasso di disoccupazione,9,Totale,Y15-34,15-34 anni,2020,18.659914,,
A,Annuale,ITF5,Basilicata,UNEM_R,Tasso di disoccupazione,9,Totale,Y15-34,15-34 anni,2021,17.489021,,
A,Annuale,ITF5,Basilicata,UNEM_R,Tasso di disoccupazione,9,Totale,Y15-34,15-34 anni,2022,15.727904,,
A,Annuale,ITF5,Basilicata,UNEM_R,Tasso di disoccupazione,9,Totale,Y15-34,15-34 anni,2023,15.442303,,
A,Annuale,ITF5,Basilicata,UNEM_R,Tasso di disoccupazione,9,Totale,Y15-34,15-34 anni,2024,13.257403,,
A,Annuale,ITF6,Calabria,UNEM_R,Tasso di disoccupazione,1,Maschi,Y15-34,15-34 anni,2018,31.290602,,
A,Annuale,ITF6,Calabria,UNEM_R,Tasso di disoccupazione,1,Maschi,Y15-34,15-34 anni,2019,32.67073,,
A,Annuale,ITF6,Calabria,UNEM_R,Tasso di disoccupazione,1,Maschi,Y15-34,15-34 anni,2020,33.679598,,
A,Annuale,ITF6,Calabria,UNEM_R,Tasso di disoccupazione,1,Maschi,Y15-34,15-34 anni,2021,27.846418,,
A,Annuale,ITF6,Calabria,UNEM_R,Tasso di disoccupazione,1,Maschi,Y15-34,15-34 anni,2022,22.02354,,
A,Annuale,ITF6,Calabria,UNEM_R,Tasso di disoccupazione,1,Maschi,Y15-34,15-34 anni,2023,26.601248,,
A,Annuale,ITF6,Calabria,UNEM_R,Tasso di disoccupazione,1,Maschi,Y15-34,15-34 anni,2024,21.325195,,
A,Annuale,ITF6,Calabria,UNEM_R,Tasso di disoccupazione,2,Femmine,Y15-34,15-34 anni,2018,42.785203,,
A,Annuale,ITF6,Calabria,UNEM_R,Tasso di disoccupazione,2,Femmine,Y15-34,15-34 anni,2019,40.108758,,
A,Annuale,ITF6,Calabria,UNEM_R,Tasso di disoccupazione,2,Femmine,Y15-34,15-34 anni,2020,37.167881,,
A,Annuale,ITF6,Calabria,UNEM_R,Tasso di disoccupazione,2,Femmine,Y15-34,15-34 anni,2021,37.356753,,
A,Annuale,ITF6,Calabria,UNEM_R,Tasso di disoccupazione,2,Femmine,Y15-34,15-34 anni,2022,28.751278,,
A,Annuale,ITF6,Calabria,UNEM_R,Tasso di disoccupazione,2,Femmine,Y15-34,15-34 anni,2023,29.644778,,
A,Annuale,ITF6,Calabria,UNEM_R,Tasso di disoccupazione,2,Femmine,Y15-34,15-34 anni,2024,27.822948,,
A,Annuale,ITF6,Calabria,UNEM_R,Tasso di disoccupazione,9,Totale,Y15-34,15-34 anni,2018,35.896495,,
A,Annuale,ITF6,Calabria,UNEM_R,Tasso di disoccupazione,9,Totale,Y15-34,15-34 anni,2019,35.476231,,
A,Annuale,ITF6,Calabria,UNEM_R,Tasso di disoccupazione,9,Totale,Y15-34,15-34 anni,2020,34.98269,,
A,Annuale,ITF6,Calabria,UNEM_R,Tasso di disoccupazione,9,Totale,Y15-34,15-34 anni,2021,31.282438,,
A,Annuale,ITF6,Calabria,UNEM_R,Tasso di disoccupazione,9,Totale,Y15-34,15-34 anni,2022,24.592413,,
A,Annuale,ITF6,Calabria,UNEM_R,Tasso di disoccupazione,9,Totale,Y15-34,15-34 anni,2023,27.766405,,
A,Annuale,ITF6,Calabria,UNEM_R,Tasso di disoccupazione,9,Totale,Y15-34,15-34 anni,2024,23.748275,,
A,Annuale,ITG1,Sicilia,UNEM_R,Tasso di disoccupazione,1,Maschi,Y15-34,15-34 anni,2018,35.366,,
A,Annuale,ITG1,Sicilia,UNEM_R,Tasso di disoccupazione,1,Maschi,Y15-34,15-34 anni,2019,32.445699,,
A,Annuale,ITG1,Sicilia,UNEM_R,Tasso di disoccupazione,1,Maschi,Y15-34,15-34 anni,2020,30.885804,,
A,Annuale,ITG1,Sicilia,UNEM_R,Tasso di disoccupazione,1,Maschi,Y15-34,15-34 anni,2021,30.62244,,
A,Annuale,ITG1,Sicilia,UNEM_R,Tasso di disoccupazione,1,Maschi,Y15-34,15-34 anni,2022,26.185021,,
A,Annuale,ITG1,Sicilia,UNEM_R,Tasso di disoccupazione,1,Maschi,Y15-34,15-34 anni,2023,23.859158,,
A,Annuale,ITG1,Sicilia,UNEM_R,Tasso di disoccupazione,1,Maschi,Y15-34,15-34 anni,2024,20.613798,,
A,Annuale,ITG1,Sicilia,UNEM_R,Tasso di disoccupazione,2,Femmine,Y15-34,15-34 anni,2018,42.526448,,
A,Annuale,ITG1,Sicilia,UNEM_R,Tasso di disoccupazione,2,Femmine,Y15-34,15-34 anni,2019,39.353451,,
A,Annuale,ITG1,Sicilia,UNEM_R,Tasso di disoccupazione,2,Femmine,Y15-34,15-34 anni,2020,37.83279,,
A,Annuale,ITG1,Sicilia,UNEM_R,Tasso di disoccupazione,2,Femmine,Y15-34,15-34 anni,2021,39.993957,,
A,Annuale,ITG1,Sicilia,UNEM_R,Tasso di disoccupazione,2,Femmine,Y15-34,15-34 anni,2022,33.023362,,
A,Annuale,ITG1,Sicilia,UNEM_R,Tasso di disoccupazione,2,Femmine,Y15-34,15-34 anni,2023,30.438109,,
A,Annuale,ITG1,Sicilia,UNEM_R,Tasso di disoccupazione,2,Femmine,Y15-34,15-34 anni,2024,26.161832,,
A,Annuale,ITG1,Sicilia,UNEM_R,Tasso di disoccupazione,9,Totale,Y15-34,15-34 anni,2018,38.161046,,
A,Annuale,ITG1,Sicilia,UNEM_R,Tasso di disoccupazione,9,Totale,Y15-34,15-34 anni,2019,35.137471,,
A,Annuale,ITG1,Sicilia,UNEM_R,Tasso di disoccupazione,9,Totale,Y15-34,15-34 anni,2020,33.493501,,
A,Annuale,ITG1,Sicilia,UNEM_R,Tasso di disoccupazione,9,Totale,Y15-34,15-34 anni,2021,34.129443,,
A,Annuale,ITG1,Sicilia,UNEM_R,Tasso di disoccupazione,9,Totale,Y15-34,15-34 anni,2022,28.792405,,
A,Annuale,ITG1,Sicilia,UNEM_R,Tasso di disoccupazione,9,Totale,Y15-34,15-34 anni,2023,26.339316,,
A,Annuale,ITG1,Sicilia,UNEM_R,Tasso di disoccupazione,9,Totale,Y15-34,15-34 anni,2024,22.691281,,
A,Annuale,ITG2,Sardegna,UNEM_R,Tasso di disoccupazione,1,Maschi,Y15-34,15-34 anni,2018,28.816586,,
A,Annuale,ITG2,Sardegna,UNEM_R,Tasso di disoccupazione,1,Maschi,Y15-34,15-34 anni,2019,23.48991,,
A,Annuale,ITG2,Sardegna,UNEM_R,Tasso di disoccupazione,1,Maschi,Y15-34,15-34 anni,2020,22.143938,,
A,Annuale,ITG2,Sardegna,UNEM_R,Tasso di disoccupazione,1,Maschi,Y15-34,15-34 anni,2021,23.159735,,
A,Annuale,ITG2,Sardegna,UNEM_R,Tasso di disoccupazione,1,Maschi,Y15-34,15-34 anni,2022,19.616242,,
A,Annuale,ITG2,Sardegna,UNEM_R,Tasso di disoccupazione,1,Maschi,Y15-34,15-34 anni,2023,20.010195,,
A,Annuale,ITG2,Sardegna,UNEM_R,Tasso di disoccupazione,1,Maschi,Y15-34,15-34 anni,2024,15.507993,,
A,Annuale,ITG2,Sardegna,UNEM_R,Tasso di disoccupazione,2,Femmine,Y15-34,15-34 anni,2018,24.320094,,
A,Annuale,ITG2,Sardegna,UNEM_R,Tasso di disoccupazione,2,Femmine,Y15-34,15-34 anni,2019,28.464793,,
A,Annuale,ITG2,Sardegna,UNEM_R,Tasso di disoccupazione,2,Femmine,Y15-34,15-34 anni,2020,24.189628,,
A,Annuale,ITG2,Sardegna,UNEM_R,Tasso di disoccupazione,2,Femmine,Y15-34,15-34 anni,2021,25.194914,,
A,Annuale,ITG2,Sardegna,UNEM_R,Tasso di disoccupazione,2,Femmine,Y15-34,15-34 anni,2022,22.015761,,
A,Annuale,ITG2,Sardegna,UNEM_R,Tasso di disoccupazione,2,Femmine,Y15-34,15-34 anni,2023,15.677721,,
A,Annuale,ITG2,Sardegna,UNEM_R,Tasso di disoccupazione,2,Femmine,Y15-34,15-34 anni,2024,18.694228,,
A,Annuale,ITG2,Sardegna,UNEM_R,Tasso di disoccupazione,9,Totale,Y15-34,15-34 anni,2018,26.887557,,
A,Annuale,ITG2,Sardegna,UNEM_R,Tasso di disoccupazione,9,Totale,Y15-34,15-34 anni,2019,25.68084,,
A,Annuale,ITG2,Sardegna,UNEM_R,Tasso di disoccupazione,9,Totale,Y15-34,15-34 anni,2020,22.98494,,
A,Annuale,ITG2,Sardegna,UNEM_R,Tasso di disoccupazione,9,Totale,Y15-34,15-34 anni,2021,24.022182,,
A,Annuale,ITG2,Sardegna,UNEM_R,Tasso di disoccupazione,9,Totale,Y15-34,15-34 anni,2022,20.609634,,
A,Annuale,ITG2,Sardegna,UNEM_R,Tasso di disoccupazione,9,Totale,Y15-34,15-34 anni,2023,18.212559,,
A,Annuale,ITG2,Sardegna,UNEM_R,Tasso di disoccupazione,9,Totale,Y15-34,15-34 anni,2024,16.880797,,
