FREQ,Frequenza,REF_AREA,Territorio,SEX,Sesso,POSIZ_PROF,Posizione professionale,PERM_TEMP_EMPLOYEES,Carattere occupazione dipendente,TIME_PERIOD,Osservazione,OBS_STATUS,'Stato dell"'osservazione'
A,Annuale,ITC1,Piemonte,9,Totale,1,Dipendenti,2,Tempo indeterminato,2018,1180.012,,
A,Annuale,ITC1,Piemonte,9,Totale,1,Dipendenti,2,Tempo indeterminato,2019,1189.61,,
A,Annuale,ITC1,Piemonte,9,Totale,1,Dipendenti,2,Tempo indeterminato,2020,1181.799,,
A,Annuale,ITC1,Piemonte,9,Totale,1,Dipendenti,2,Tempo indeterminato,2021,1178.668,,
A,Annuale,ITC1,Piemonte,9,Totale,1,Dipendenti,2,Tempo indeterminato,2022,1194.713,,
A,Annuale,ITC1,Piemonte,9,Totale,1,Dipendenti,2,Tempo indeterminato,2023,1233.87,,
A,Annuale,ITC1,Piemonte,9,Totale,1,Dipendenti,2,Tempo indeterminato,2024,1290.299,,
A,Annuale,ITC1,Piemonte,9,Totale,1,Dipendenti,9,Totale,2018,1384.041,,
A,Annuale,ITC1,Piemonte,9,Totale,1,Dipendenti,9,Totale,2019,1385.826,,
A,Annuale,ITC1,Piemonte,9,Totale,1,Dipendenti,9,Totale,2020,1354.313,,
A,Annuale,ITC1,Piemonte,9,Totale,1,Dipendenti,9,Totale,2021,1367.491,,
A,Annuale,ITC1,Piemonte,9,Totale,1,Dipendenti,9,Totale,2022,1379.576,,
A,Annuale,ITC1,Piemonte,9,Totale,1,Dipendenti,9,Totale,2023,1407.251,,
A,Annuale,ITC1,Piemonte,9,Totale,1,Dipendenti,9,Totale,2024,1441.988,,
A,Annuale,ITC2,'Valle d"'Aosta / Vallée d"'Aoste',9,Totale,1,Dipendenti,2,Tempo indeterminato,2018,33.372,,
A,Annuale,ITC2,'Valle d"'Aosta / Vallée d"'Aoste',9,Totale,1,Dipendenti,2,Tempo indeterminato,2019,33.716,,
A,Annuale,ITC2,'Valle d"'Aosta / Vallée d"'Aoste',9,Totale,1,Dipendenti,2,Tempo indeterminato,2020,33.882,,
A,Annuale,ITC2,'Valle d"'Aosta / Vallée d"'Aoste',9,Totale,1,Dipendenti,2,Tempo indeterminato,2021,33.863,,
A,Annuale,ITC2,'Valle d"'Aosta / Vallée d"'Aoste',9,Totale,1,Dipendenti,2,Tempo indeterminato,2022,34.082,,
A,Annuale,ITC2,'Valle d"'Aosta / Vallée d"'Aoste',9,Totale,1,Dipendenti,2,Tempo indeterminato,2023,35.938,,
A,Annuale,ITC2,'Valle d"'Aosta / Vallée d"'Aoste',9,Totale,1,Dipendenti,2,Tempo indeterminato,2024,37,,
A,Annuale,ITC2,'Valle d"'Aosta / Vallée d"'Aoste',9,Totale,1,Dipendenti,9,Totale,2018,40.683,,
A,Annuale,ITC2,'Valle d"'Aosta / Vallée d"'Aoste',9,Totale,1,Dipendenti,9,Totale,2019,41.378,,
A,Annuale,ITC2,'Valle d"'Aosta / Vallée d"'Aoste',9,Totale,1,Dipendenti,9,Totale,2020,40.577,,
A,Annuale,ITC2,'Valle d"'Aosta / Vallée d"'Aoste',9,Totale,1,Dipendenti,9,Totale,2021,40.78,,
A,Annuale,ITC2,'Valle d"'Aosta / Vallée d"'Aoste',9,Totale,1,Dipendenti,9,Totale,2022,42.074,,
A,Annuale,ITC2,'Valle d"'Aosta / Vallée d"'Aoste',9,Totale,1,Dipendenti,9,Totale,2023,43.319,,
A,Annuale,ITC2,'Valle d"'Aosta / Vallée d"'Aoste',9,Totale,1,Dipendenti,9,Totale,2024,44.065,,
A,Annuale,ITC3,Liguria,9,Totale,1,Dipendenti,2,Tempo indeterminato,2018,378.374,,
A,Annuale,ITC3,Liguria,9,Totale,1,Dipendenti,2,Tempo indeterminato,2019,374.315,,
A,Annuale,ITC3,Liguria,9,Totale,1,Dipendenti,2,Tempo indeterminato,2020,364.39,,
A,Annuale,ITC3,Liguria,9,Totale,1,Dipendenti,2,Tempo indeterminato,2021,377.831,,
A,Annuale,ITC3,Liguria,9,Totale,1,Dipendenti,2,Tempo indeterminato,2022,397.851,,
A,Annuale,ITC3,Liguria,9,Totale,1,Dipendenti,2,Tempo indeterminato,2023,407.453,,
A,Annuale,ITC3,Liguria,9,Totale,1,Dipendenti,2,Tempo indeterminato,2024,411.013,,
A,Annuale,ITC3,Liguria,9,Totale,1,Dipendenti,9,Totale,2018,445.775,,
A,Annuale,ITC3,Liguria,9,Totale,1,Dipendenti,9,Totale,2019,441.165,,
A,Annuale,ITC3,Liguria,9,Totale,1,Dipendenti,9,Totale,2020,425.184,,
A,Annuale,ITC3,Liguria,9,Totale,1,Dipendenti,9,Totale,2021,445.24,,
A,Annuale,ITC3,Liguria,9,Totale,1,Dipendenti,9,Totale,2022,473.145,,
A,Annuale,ITC3,Liguria,9,Totale,1,Dipendenti,9,Totale,2023,479.579,,
A,Annuale,ITC3,Liguria,9,Totale,1,Dipendenti,9,Totale,2024,478.112,,
A,Annuale,ITC4,Lombardia,9,Totale,1,Dipendenti,2,Tempo indeterminato,2018,3060.361,,
A,Annuale,ITC4,Lombardia,9,Totale,1,Dipendenti,2,Tempo indeterminato,2019,3108.739,,
A,Annuale,ITC4,Lombardia,9,Totale,1,Dipendenti,2,Tempo indeterminato,2020,3075.271,,
A,Annuale,ITC4,Lombardia,9,Totale,1,Dipendenti,2,Tempo indeterminato,2021,3100.049,,
A,Annuale,ITC4,Lombardia,9,Totale,1,Dipendenti,2,Tempo indeterminato,2022,3170.72,,
A,Annuale,ITC4,Lombardia,9,Totale,1,Dipendenti,2,Tempo indeterminato,2023,3241.018,,
A,Annuale,ITC4,Lombardia,9,Totale,1,Dipendenti,2,Tempo indeterminato,2024,3339.49,,
A,Annuale,ITC4,Lombardia,9,Totale,1,Dipendenti,9,Totale,2018,3500.477,,
A,Annuale,ITC4,Lombardia,9,Totale,1,Dipendenti,9,Totale,2019,3551.504,,
A,Annuale,ITC4,Lombardia,9,Totale,1,Dipendenti,9,Totale,2020,3451.444,,
A,Annuale,ITC4,Lombardia,9,Totale,1,Dipendenti,9,Totale,2021,3497.395,,
A,Annuale,ITC4,Lombardia,9,Totale,1,Dipendenti,9,Totale,2022,3580.781,,
A,Annuale,ITC4,Lombardia,9,Totale,1,Dipendenti,9,Totale,2023,3635.446,,
A,Annuale,ITC4,Lombardia,9,Totale,1,Dipendenti,9,Totale,2024,3710.333,,
A,Annuale,ITDA,Trentino Alto Adige / Südtirol,9,Totale,1,Dipendenti,2,Tempo indeterminato,2018,315.462,,
A,Annuale,ITDA,Trentino Alto Adige / Südtirol,9,Totale,1,Dipendenti,2,Tempo indeterminato,2019,322.602,,
A,Annuale,ITDA,Trentino Alto Adige / Südtirol,9,Totale,1,Dipendenti,2,Tempo indeterminato,2020,319.623,,
A,Annuale,ITDA,Trentino Alto Adige / Südtirol,9,Totale,1,Dipendenti,2,Tempo indeterminato,2021,317.626,,
A,Annuale,ITDA,Trentino Alto Adige / Südtirol,9,Totale,1,Dipendenti,2,Tempo indeterminato,2022,324.216,,
A,Annuale,ITDA,Trentino Alto Adige / Südtirol,9,Totale,1,Dipendenti,2,Tempo indeterminato,2023,331.316,,
A,Annuale,ITDA,Trentino Alto Adige / Südtirol,9,Totale,1,Dipendenti,2,Tempo indeterminato,2024,346.317,,
A,Annuale,ITDA,Trentino Alto Adige / Südtirol,9,Totale,1,Dipendenti,9,Totale,2018,393.328,,
A,Annuale,ITDA,Trentino Alto Adige / Südtirol,9,Totale,1,Dipendenti,9,Totale,2019,398.858,,
A,Annuale,ITDA,Trentino Alto Adige / Südtirol,9,Totale,1,Dipendenti,9,Totale,2020,386.01,,
A,Annuale,ITDA,Trentino Alto Adige / Südtirol,9,Totale,1,Dipendenti,9,Totale,2021,386.66,,
A,Annuale,ITDA,Trentino Alto Adige / Südtirol,9,Totale,1,Dipendenti,9,Totale,2022,398.796,,
A,Annuale,ITDA,Trentino Alto Adige / Südtirol,9,Totale,1,Dipendenti,9,Totale,2023,407.469,,
A,Annuale,ITDA,Trentino Alto Adige / Südtirol,9,Totale,1,Dipendenti,9,Totale,2024,416.052,,
A,Annuale,ITD1,Provincia Autonoma Bolzano / Bozen,9,Totale,1,Dipendenti,2,Tempo indeterminato,2018,165.355,,
A,Annuale,ITD1,Provincia Autonoma Bolzano / Bozen,9,Totale,1,Dipendenti,2,Tempo indeterminato,2019,167.888,,
A,Annuale,ITD1,Provincia Autonoma Bolzano / Bozen,9,Totale,1,Dipendenti,2,Tempo indeterminato,2020,166.677,,
A,Annuale,ITD1,Provincia Autonoma Bolzano / Bozen,9,Totale,1,Dipendenti,2,Tempo indeterminato,2021,162.225,,
A,Annuale,ITD1,Provincia Autonoma Bolzano / Bozen,9,Totale,1,Dipendenti,2,Tempo indeterminato,2022,166.777,,
A,Annuale,ITD1,Provincia Autonoma Bolzano / Bozen,9,Totale,1,Dipendenti,2,Tempo indeterminato,2023,171.189,,
A,Annuale,ITD1,Provincia Autonoma Bolzano / Bozen,9,Totale,1,Dipendenti,2,Tempo indeterminato,2024,183.255,,
A,Annuale,ITD1,Provincia Autonoma Bolzano / Bozen,9,Totale,1,Dipendenti,9,Totale,2018,201.145,,
A,Annuale,ITD1,Provincia Autonoma Bolzano / Bozen,9,Totale,1,Dipendenti,9,Totale,2019,203.455,,
A,Annuale,ITD1,Provincia Autonoma Bolzano / Bozen,9,Totale,1,Dipendenti,9,Totale,2020,197.448,,
A,Annuale,ITD1,Provincia Autonoma Bolzano / Bozen,9,Totale,1,Dipendenti,9,Totale,2021,193.866,,
A,Annuale,ITD1,Provincia Autonoma Bolzano / Bozen,9,Totale,1,Dipendenti,9,Totale,2022,201.569,,
A,Annuale,ITD1,Provincia Autonoma Bolzano / Bozen,9,Totale,1,Dipendenti,9,Totale,2023,210.479,,
A,Annuale,ITD1,Provincia Autonoma Bolzano / Bozen,9,Totale,1,Dipendenti,9,Totale,2024,214.416,,
A,Annuale,ITD2,Provincia Autonoma Trento,9,Totale,1,Dipendenti,2,Tempo indeterminato,2018,150.106,,
A,Annuale,ITD2,Provincia Autonoma Trento,9,Totale,1,Dipendenti,2,Tempo indeterminato,2019,154.714,,
A,Annuale,ITD2,Provincia Autonoma Trento,9,Totale,1,Dipendenti,2,Tempo indeterminato,2020,152.946,,
A,Annuale,ITD2,Provincia Autonoma Trento,9,Totale,1,Dipendenti,2,Tempo indeterminato,2021,155.402,,
A,Annuale,ITD2,Provincia Autonoma Trento,9,Totale,1,Dipendenti,2,Tempo indeterminato,2022,157.439,,
A,Annuale,ITD2,Provincia Autonoma Trento,9,Totale,1,Dipendenti,2,Tempo indeterminato,2023,160.127,,
A,Annuale,ITD2,Provincia Autonoma Trento,9,Totale,1,Dipendenti,2,Tempo indeterminato,2024,163.062,,
A,Annuale,ITD2,Provincia Autonoma Trento,9,Totale,1,Dipendenti,9,Totale,2018,192.183,,
A,Annuale,ITD2,Provincia Autonoma Trento,9,Totale,1,Dipendenti,9,Totale,2019,195.403,,
A,Annuale,ITD2,Provincia Autonoma Trento,9,Totale,1,Dipendenti,9,Totale,2020,188.562,,
A,Annuale,ITD2,Provincia Autonoma Trento,9,Totale,1,Dipendenti,9,Totale,2021,192.794,,
A,Annuale,ITD2,Provincia Autonoma Trento,9,Totale,1,Dipendenti,9,Totale,2022,197.227,,
A,Annuale,ITD2,Provincia Autonoma Trento,9,Totale,1,Dipendenti,9,Totale,2023,196.989,,
A,Annuale,ITD2,Provincia Autonoma Trento,9,Totale,1,Dipendenti,9,Totale,2024,201.636,,
A,Annuale,ITD3,Veneto,9,Totale,1,Dipendenti,2,Tempo indeterminato,2018,1376.061,,
A,Annuale,ITD3,Veneto,9,Totale,1,Dipendenti,2,Tempo indeterminato,2019,1419.395,,
A,Annuale,ITD3,Veneto,9,Totale,1,Dipendenti,2,Tempo indeterminato,2020,1411.118,,
A,Annuale,ITD3,Veneto,9,Totale,1,Dipendenti,2,Tempo indeterminato,2021,1412.431,,
A,Annuale,ITD3,Veneto,9,Totale,1,Dipendenti,2,Tempo indeterminato,2022,1421.37,,
A,Annuale,ITD3,Veneto,9,Totale,1,Dipendenti,2,Tempo indeterminato,2023,1528.624,,
A,Annuale,ITD3,Veneto,9,Totale,1,Dipendenti,2,Tempo indeterminato,2024,1566.217,,
A,Annuale,ITD3,Veneto,9,Totale,1,Dipendenti,9,Totale,2018,1657.655,,
A,Annuale,ITD3,Veneto,9,Totale,1,Dipendenti,9,Totale,2019,1676.432,,
A,Annuale,ITD3,Veneto,9,Totale,1,Dipendenti,9,Totale,2020,1637.358,,
A,Annuale,ITD3,Veneto,9,Totale,1,Dipendenti,9,Totale,2021,1658.703,,
A,Annuale,ITD3,Veneto,9,Totale,1,Dipendenti,9,Totale,2022,1679.547,,
A,Annuale,ITD3,Veneto,9,Totale,1,Dipendenti,9,Totale,2023,1764.966,,
A,Annuale,ITD3,Veneto,9,Totale,1,Dipendenti,9,Totale,2024,1787.53,,
A,Annuale,ITD4,Friuli-Venezia Giulia,9,Totale,1,Dipendenti,2,Tempo indeterminato,2018,328.604,,
A,Annuale,ITD4,Friuli-Venezia Giulia,9,Totale,1,Dipendenti,2,Tempo indeterminato,2019,342.853,,
A,Annuale,ITD4,Friuli-Venezia Giulia,9,Totale,1,Dipendenti,2,Tempo indeterminato,2020,354.088,,
A,Annuale,ITD4,Friuli-Venezia Giulia,9,Totale,1,Dipendenti,2,Tempo indeterminato,2021,347.52,,
A,Annuale,ITD4,Friuli-Venezia Giulia,9,Totale,1,Dipendenti,2,Tempo indeterminato,2022,357.378,,
A,Annuale,ITD4,Friuli-Venezia Giulia,9,Totale,1,Dipendenti,2,Tempo indeterminato,2023,361.113,,
A,Annuale,ITD4,Friuli-Venezia Giulia,9,Totale,1,Dipendenti,2,Tempo indeterminato,2024,369.869,,
A,Annuale,ITD4,Friuli-Venezia Giulia,9,Totale,1,Dipendenti,9,Totale,2018,400,,
A,Annuale,ITD4,Friuli-Venezia Giulia,9,Totale,1,Dipendenti,9,Totale,2019,408.789,,
A,Annuale,ITD4,Friuli-Venezia Giulia,9,Totale,1,Dipendenti,9,Totale,2020,409.575,,
A,Annuale,ITD4,Friuli-Venezia Giulia,9,Totale,1,Dipendenti,9,Totale,2021,411.933,,
A,Annuale,ITD4,Friuli-Venezia Giulia,9,Totale,1,Dipendenti,9,Totale,2022,422.516,,
A,Annuale,ITD4,Friuli-Venezia Giulia,9,Totale,1,Dipendenti,9,Totale,2023,419.652,,
A,Annuale,ITD4,Friuli-Venezia Giulia,9,Totale,1,Dipendenti,9,Totale,2024,424.447,,
A,Annuale,ITD5,Emilia-Romagna,9,Totale,1,Dipendenti,2,Tempo indeterminato,2018,1277.741,,
A,Annuale,ITD5,Emilia-Romagna,9,Totale,1,Dipendenti,2,Tempo indeterminato,2019,1308.541,,
A,Annuale,ITD5,Emilia-Romagna,9,Totale,1,Dipendenti,2,Tempo indeterminato,2020,1306,,
A,Annuale,ITD5,Emilia-Romagna,9,Totale,1,Dipendenti,2,Tempo indeterminato,2021,1311.828,,
A,Annuale,ITD5,Emilia-Romagna,9,Totale,1,Dipendenti,2,Tempo indeterminato,2022,1326.972,,
A,Annuale,ITD5,Emilia-Romagna,9,Totale,1,Dipendenti,2,Tempo indeterminato,2023,1345.064,,
A,Annuale,ITD5,Emilia-Romagna,9,Totale,1,Dipendenti,2,Tempo indeterminato,2024,1378.39,,
A,Annuale,ITD5,Emilia-Romagna,9,Totale,1,Dipendenti,9,Totale,2018,1554.977,,
A,Annuale,ITD5,Emilia-Romagna,9,Totale,1,Dipendenti,9,Totale,2019,1577.547,,
A,Annuale,ITD5,Emilia-Romagna,9,Totale,1,Dipendenti,9,Totale,2020,1539.05,,
A,Annuale,ITD5,Emilia-Romagna,9,Totale,1,Dipendenti,9,Totale,2021,1560.161,,
A,Annuale,ITD5,Emilia-Romagna,9,Totale,1,Dipendenti,9,Totale,2022,1590.109,,
A,Annuale,ITD5,Emilia-Romagna,9,Totale,1,Dipendenti,9,Totale,2023,1600.3,,
A,Annuale,ITD5,Emilia-Romagna,9,Totale,1,Dipendenti,9,Totale,2024,1616.962,,
A,Annuale,ITE1,Toscana,9,Totale,1,Dipendenti,2,Tempo indeterminato,2018,989.292,,
A,Annuale,ITE1,Toscana,9,Totale,1,Dipendenti,2,Tempo indeterminato,2019,979.145,,
A,Annuale,ITE1,Toscana,9,Totale,1,Dipendenti,2,Tempo indeterminato,2020,993.459,,
A,Annuale,ITE1,Toscana,9,Totale,1,Dipendenti,2,Tempo indeterminato,2021,1002.595,,
A,Annuale,ITE1,Toscana,9,Totale,1,Dipendenti,2,Tempo indeterminato,2022,1038.342,,
A,Annuale,ITE1,Toscana,9,Totale,1,Dipendenti,2,Tempo indeterminato,2023,1051.394,,
A,Annuale,ITE1,Toscana,9,Totale,1,Dipendenti,2,Tempo indeterminato,2024,1093.374,,
A,Annuale,ITE1,Toscana,9,Totale,1,Dipendenti,9,Totale,2018,1177.317,,
A,Annuale,ITE1,Toscana,9,Totale,1,Dipendenti,9,Totale,2019,1179.475,,
A,Annuale,ITE1,Toscana,9,Totale,1,Dipendenti,9,Totale,2020,1154.774,,
A,Annuale,ITE1,Toscana,9,Totale,1,Dipendenti,9,Totale,2021,1179.985,,
A,Annuale,ITE1,Toscana,9,Totale,1,Dipendenti,9,Totale,2022,1253.94,,
A,Annuale,ITE1,Toscana,9,Totale,1,Dipendenti,9,Totale,2023,1256.488,,
A,Annuale,ITE1,Toscana,9,Totale,1,Dipendenti,9,Totale,2024,1291.577,,
A,Annuale,ITE2,Umbria,9,Totale,1,Dipendenti,2,Tempo indeterminato,2018,214.209,,
A,Annuale,ITE2,Umbria,9,Totale,1,Dipendenti,2,Tempo indeterminato,2019,218.818,,
A,Annuale,ITE2,Umbria,9,Totale,1,Dipendenti,2,Tempo indeterminato,2020,219.661,,
A,Annuale,ITE2,Umbria,9,Totale,1,Dipendenti,2,Tempo indeterminato,2021,221.723,,
A,Annuale,ITE2,Umbria,9,Totale,1,Dipendenti,2,Tempo indeterminato,2022,219.864,,
A,Annuale,ITE2,Umbria,9,Totale,1,Dipendenti,2,Tempo indeterminato,2023,235.609,,
A,Annuale,ITE2,Umbria,9,Totale,1,Dipendenti,2,Tempo indeterminato,2024,240.99,,
A,Annuale,ITE2,Umbria,9,Totale,1,Dipendenti,9,Totale,2018,260.819,,
A,Annuale,ITE2,Umbria,9,Totale,1,Dipendenti,9,Totale,2019,267.726,,
A,Annuale,ITE2,Umbria,9,Totale,1,Dipendenti,9,Totale,2020,259.655,,
A,Annuale,ITE2,Umbria,9,Totale,1,Dipendenti,9,Totale,2021,268.607,,
A,Annuale,ITE2,Umbria,9,Totale,1,Dipendenti,9,Totale,2022,269.863,,
A,Annuale,ITE2,Umbria,9,Totale,1,Dipendenti,9,Totale,2023,284.887,,
A,Annuale,ITE2,Umbria,9,Totale,1,Dipendenti,9,Totale,2024,290.417,,
A,Annuale,ITE3,Marche,9,Totale,1,Dipendenti,2,Tempo indeterminato,2018,389.037,,
A,Annuale,ITE3,Marche,9,Totale,1,Dipendenti,2,Tempo indeterminato,2019,390.942,,
A,Annuale,ITE3,Marche,9,Totale,1,Dipendenti,2,Tempo indeterminato,2020,395.734,,
A,Annuale,ITE3,Marche,9,Totale,1,Dipendenti,2,Tempo indeterminato,2021,398.337,,
A,Annuale,ITE3,Marche,9,Totale,1,Dipendenti,2,Tempo indeterminato,2022,402.976,,
A,Annuale,ITE3,Marche,9,Totale,1,Dipendenti,2,Tempo indeterminato,2023,414.732,,
A,Annuale,ITE3,Marche,9,Totale,1,Dipendenti,2,Tempo indeterminato,2024,409.562,,
A,Annuale,ITE3,Marche,9,Totale,1,Dipendenti,9,Totale,2018,481.682,,
A,Annuale,ITE3,Marche,9,Totale,1,Dipendenti,9,Totale,2019,473.786,,
A,Annuale,ITE3,Marche,9,Totale,1,Dipendenti,9,Totale,2020,469.082,,
A,Annuale,ITE3,Marche,9,Totale,1,Dipendenti,9,Totale,2021,471.86,,
A,Annuale,ITE3,Marche,9,Totale,1,Dipendenti,9,Totale,2022,486.381,,
A,Annuale,ITE3,Marche,9,Totale,1,Dipendenti,9,Totale,2023,500.463,,
A,Annuale,ITE3,Marche,9,Totale,1,Dipendenti,9,Totale,2024,495.312,,
A,Annuale,ITE4,Lazio,9,Totale,1,Dipendenti,2,Tempo indeterminato,2018,1564.319,,
A,Annuale,ITE4,Lazio,9,Totale,1,Dipendenti,2,Tempo indeterminato,2019,1562.692,,
A,Annuale,ITE4,Lazio,9,Totale,1,Dipendenti,2,Tempo indeterminato,2020,1541.835,,
A,Annuale,ITE4,Lazio,9,Totale,1,Dipendenti,2,Tempo indeterminato,2021,1541.418,,
A,Annuale,ITE4,Lazio,9,Totale,1,Dipendenti,2,Tempo indeterminato,2022,1583.823,,
A,Annuale,ITE4,Lazio,9,Totale,1,Dipendenti,2,Tempo indeterminato,2023,1589.899,,
A,Annuale,ITE4,Lazio,9,Totale,1,Dipendenti,2,Tempo indeterminato,2024,1656.711,,
A,Annuale,ITE4,Lazio,9,Totale,1,Dipendenti,9,Totale,2018,1838.246,,
A,Annuale,ITE4,Lazio,9,Totale,1,Dipendenti,9,Totale,2019,1847.848,,
A,Annuale,ITE4,Lazio,9,Totale,1,Dipendenti,9,Totale,2020,1790.147,,
A,Annuale,ITE4,Lazio,9,Totale,1,Dipendenti,9,Totale,2021,1811.46,,
A,Annuale,ITE4,Lazio,9,Totale,1,Dipendenti,9,Totale,2022,1867.94,,
A,Annuale,ITE4,Lazio,9,Totale,1,Dipendenti,9,Totale,2023,1906.791,,
A,Annuale,ITE4,Lazio,9,Totale,1,Dipendenti,9,Totale,2024,1925.634,,
A,Annuale,ITF1,Abruzzo,9,Totale,1,Dipendenti,2,Tempo indeterminato,2018,301.944,,
A,Annuale,ITF1,Abruzzo,9,Totale,1,Dipendenti,2,Tempo indeterminato,2019,304.487,,
A,Annuale,ITF1,Abruzzo,9,Totale,1,Dipendenti,2,Tempo indeterminato,2020,295.678,,
A,Annuale,ITF1,Abruzzo,9,Totale,1,Dipendenti,2,Tempo indeterminato,2021,295.124,,
A,Annuale,ITF1,Abruzzo,9,Totale,1,Dipendenti,2,Tempo indeterminato,2022,282.087,,
A,Annuale,ITF1,Abruzzo,9,Totale,1,Dipendenti,2,Tempo indeterminato,2023,313.193,,
A,Annuale,ITF1,Abruzzo,9,Totale,1,Dipendenti,2,Tempo indeterminato,2024,325.269,,
A,Annuale,ITF1,Abruzzo,9,Totale,1,Dipendenti,9,Totale,2018,368.75,,
A,Annuale,ITF1,Abruzzo,9,Totale,1,Dipendenti,9,Totale,2019,379.255,,
A,Annuale,ITF1,Abruzzo,9,Totale,1,Dipendenti,9,Totale,2020,358.753,,
A,Annuale,ITF1,Abruzzo,9,Totale,1,Dipendenti,9,Totale,2021,368.474,,
A,Annuale,ITF1,Abruzzo,9,Totale,1,Dipendenti,9,Totale,2022,368.643,,
A,Annuale,ITF1,Abruzzo,9,Totale,1,Dipendenti,9,Totale,2023,390.316,,
A,Annuale,ITF1,Abruzzo,9,Totale,1,Dipendenti,9,Totale,2024,389.683,,
A,Annuale,ITF2,Molise,9,Totale,1,Dipendenti,2,Tempo indeterminato,2018,63.89,,
A,Annuale,ITF2,Molise,9,Totale,1,Dipendenti,2,Tempo indeterminato,2019,61.915,,
A,Annuale,ITF2,Molise,9,Totale,1,Dipendenti,2,Tempo indeterminato,2020,62.473,,
A,Annuale,ITF2,Molise,9,Totale,1,Dipendenti,2,Tempo indeterminato,2021,58.283,,
A,Annuale,ITF2,Molise,9,Totale,1,Dipendenti,2,Tempo indeterminato,2022,59.179,,
A,Annuale,ITF2,Molise,9,Totale,1,Dipendenti,2,Tempo indeterminato,2023,61.066,,
A,Annuale,ITF2,Molise,9,Totale,1,Dipendenti,2,Tempo indeterminato,2024,64.329,,
A,Annuale,ITF2,Molise,9,Totale,1,Dipendenti,9,Totale,2018,76.057,,
A,Annuale,ITF2,Molise,9,Totale,1,Dipendenti,9,Totale,2019,74.648,,
A,Annuale,ITF2,Molise,9,Totale,1,Dipendenti,9,Totale,2020,72.308,,
A,Annuale,ITF2,Molise,9,Totale,1,Dipendenti,9,Totale,2021,71.139,,
A,Annuale,ITF2,Molise,9,Totale,1,Dipendenti,9,Totale,2022,74.227,,
A,Annuale,ITF2,Molise,9,Totale,1,Dipendenti,9,Totale,2023,75.567,,
A,Annuale,ITF2,Molise,9,Totale,1,Dipendenti,9,Totale,2024,76.468,,
A,Annuale,ITF3,Campania,9,Totale,1,Dipendenti,2,Tempo indeterminato,2018,996.97,,
A,Annuale,ITF3,Campania,9,Totale,1,Dipendenti,2,Tempo indeterminato,2019,979.239,,
A,Annuale,ITF3,Campania,9,Totale,1,Dipendenti,2,Tempo indeterminato,2020,971.496,,
A,Annuale,ITF3,Campania,9,Totale,1,Dipendenti,2,Tempo indeterminato,2021,930.26,,
A,Annuale,ITF3,Campania,9,Totale,1,Dipendenti,2,Tempo indeterminato,2022,976.183,,
A,Annuale,ITF3,Campania,9,Totale,1,Dipendenti,2,Tempo indeterminato,2023,1025.619,,
A,Annuale,ITF3,Campania,9,Totale,1,Dipendenti,2,Tempo indeterminato,2024,1060.179,,
A,Annuale,ITF3,Campania,9,Totale,1,Dipendenti,9,Totale,2018,1222.273,,
A,Annuale,ITF3,Campania,9,Totale,1,Dipendenti,9,Totale,2019,1227.541,,
A,Annuale,ITF3,Campania,9,Totale,1,Dipendenti,9,Totale,2020,1187.847,,
A,Annuale,ITF3,Campania,9,Totale,1,Dipendenti,9,Totale,2021,1198.098,,
A,Annuale,ITF3,Campania,9,Totale,1,Dipendenti,9,Totale,2022,1253.34,,
A,Annuale,ITF3,Campania,9,Totale,1,Dipendenti,9,Totale,2023,1281.449,,
A,Annuale,ITF3,Campania,9,Totale,1,Dipendenti,9,Totale,2024,1304.751,,
A,Annuale,ITF4,Puglia,9,Totale,1,Dipendenti,2,Tempo indeterminato,2018,696.33,,
A,Annuale,ITF4,Puglia,9,Totale,1,Dipendenti,2,Tempo indeterminato,2019,708.925,,
A,Annuale,ITF4,Puglia,9,Totale,1,Dipendenti,2,Tempo indeterminato,2020,706.348,,
A,Annuale,ITF4,Puglia,9,Totale,1,Dipendenti,2,Tempo indeterminato,2021,711.959,,
A,Annuale,ITF4,Puglia,9,Totale,1,Dipendenti,2,Tempo indeterminato,2022,750.123,,
A,Annuale,ITF4,Puglia,9,Totale,1,Dipendenti,2,Tempo indeterminato,2023,773.041,,
A,Annuale,ITF4,Puglia,9,Totale,1,Dipendenti,2,Tempo indeterminato,2024,783.2,,
A,Annuale,ITF4,Puglia,9,Totale,1,Dipendenti,9,Totale,2018,907.496,,
A,Annuale,ITF4,Puglia,9,Totale,1,Dipendenti,9,Totale,2019,906.985,,
A,Annuale,ITF4,Puglia,9,Totale,1,Dipendenti,9,Totale,2020,892.625,,
A,Annuale,ITF4,Puglia,9,Totale,1,Dipendenti,9,Totale,2021,931.632,,
A,Annuale,ITF4,Puglia,9,Totale,1,Dipendenti,9,Totale,2022,965.281,,
A,Annuale,ITF4,Puglia,9,Totale,1,Dipendenti,9,Totale,2023,978.538,,
A,Annuale,ITF4,Puglia,9,Totale,1,Dipendenti,9,Totale,2024,982.877,,
A,Annuale,ITF5,Basilicata,9,Totale,1,Dipendenti,2,Tempo indeterminato,2018,111.168,,
A,Annuale,ITF5,Basilicata,9,Totale,1,Dipendenti,2,Tempo indeterminato,2019,109.438,,
A,Annuale,ITF5,Basilicata,9,Totale,1,Dipendenti,2,Tempo indeterminato,2020,106.358,,
A,Annuale,ITF5,Basilicata,9,Totale,1,Dipendenti,2,Tempo indeterminato,2021,112.446,,
A,Annuale,ITF5,Basilicata,9,Totale,1,Dipendenti,2,Tempo indeterminato,2022,113.356,,
A,Annuale,ITF5,Basilicata,9,Totale,1,Dipendenti,2,Tempo indeterminato,2023,117.189,,
A,Annuale,ITF5,Basilicata,9,Totale,1,Dipendenti,2,Tempo indeterminato,2024,119.091,,
A,Annuale,ITF5,Basilicata,9,Totale,1,Dipendenti,9,Totale,2018,139.147,,
A,Annuale,ITF5,Basilicata,9,Totale,1,Dipendenti,9,Totale,2019,139.784,,
A,Annuale,ITF5,Basilicata,9,Totale,1,Dipendenti,9,Totale,2020,135.437,,
A,Annuale,ITF5,Basilicata,9,Totale,1,Dipendenti,9,Totale,2021,143.16,,
A,Annuale,ITF5,Basilicata,9,Totale,1,Dipendenti,9,Totale,2022,143.39,,
A,Annuale,ITF5,Basilicata,9,Totale,1,Dipendenti,9,Totale,2023,148.854,,
A,Annuale,ITF5,Basilicata,9,Totale,1,Dipendenti,9,Totale,2024,149.236,,
A,Annuale,ITF6,Calabria,9,Totale,1,Dipendenti,2,Tempo indeterminato,2018,291.018,,
A,Annuale,ITF6,Calabria,9,Totale,1,Dipendenti,2,Tempo indeterminato,2019,287.774,,
A,Annuale,ITF6,Calabria,9,Totale,1,Dipendenti,2,Tempo indeterminato,2020,289.323,,
A,Annuale,ITF6,Calabria,9,Totale,1,Dipendenti,2,Tempo indeterminato,2021,293.556,,
A,Annuale,ITF6,Calabria,9,Totale,1,Dipendenti,2,Tempo indeterminato,2022,292.753,,
A,Annuale,ITF6,Calabria,9,Totale,1,Dipendenti,2,Tempo indeterminato,2023,303.855,,
A,Annuale,ITF6,Calabria,9,Totale,1,Dipendenti,2,Tempo indeterminato,2024,319.853,,
A,Annuale,ITF6,Calabria,9,Totale,1,Dipendenti,9,Totale,2018,392.787,,
A,Annuale,ITF6,Calabria,9,Totale,1,Dipendenti,9,Totale,2019,395.88,,
A,Annuale,ITF6,Calabria,9,Totale,1,Dipendenti,9,Totale,2020,384.632,,
A,Annuale,ITF6,Calabria,9,Totale,1,Dipendenti,9,Totale,2021,394.794,,
A,Annuale,ITF6,Calabria,9,Totale,1,Dipendenti,9,Totale,2022,398.152,,
A,Annuale,ITF6,Calabria,9,Totale,1,Dipendenti,9,Totale,2023,405.669,,
A,Annuale,ITF6,Calabria,9,Totale,1,Dipendenti,9,Totale,2024,414.172,,
A,Annuale,ITG1,Sicilia,9,Totale,1,Dipendenti,2,Tempo indeterminato,2018,784.809,,
A,Annuale,ITG1,Sicilia,9,Totale,1,Dipendenti,2,Tempo indeterminato,2019,788.921,,
A,Annuale,ITG1,Sicilia,9,Totale,1,Dipendenti,2,Tempo indeterminato,2020,782.846,,
A,Annuale,ITG1,Sicilia,9,Totale,1,Dipendenti,2,Tempo indeterminato,2021,763.852,,
A,Annuale,ITG1,Sicilia,9,Totale,1,Dipendenti,2,Tempo indeterminato,2022,796.096,,
A,Annuale,ITG1,Sicilia,9,Totale,1,Dipendenti,2,Tempo indeterminato,2023,845.15,,
A,Annuale,ITG1,Sicilia,9,Totale,1,Dipendenti,2,Tempo indeterminato,2024,895.667,,
A,Annuale,ITG1,Sicilia,9,Totale,1,Dipendenti,9,Totale,2018,1022.39,,
A,Annuale,ITG1,Sicilia,9,Totale,1,Dipendenti,9,Totale,2019,1035.03,,
A,Annuale,ITG1,Sicilia,9,Totale,1,Dipendenti,9,Totale,2020,1008.623,,
A,Annuale,ITG1,Sicilia,9,Totale,1,Dipendenti,9,Totale,2021,1012.916,,
A,Annuale,ITG1,Sicilia,9,Totale,1,Dipendenti,9,Totale,2022,1047.103,,
A,Annuale,ITG1,Sicilia,9,Totale,1,Dipendenti,9,Totale,2023,1117.505,,
A,Annuale,ITG1,Sicilia,9,Totale,1,Dipendenti,9,Totale,2024,1165.368,,
A,Annuale,ITG2,Sardegna,9,Totale,1,Dipendenti,2,Tempo indeterminato,2018,336.277,,
A,Annuale,ITG2,Sardegna,9,Totale,1,Dipendenti,2,Tempo indeterminato,2019,335.812,,
A,Annuale,ITG2,Sardegna,9,Totale,1,Dipendenti,2,Tempo indeterminato,2020,327.17,,
A,Annuale,ITG2,Sardegna,9,Totale,1,Dipendenti,2,Tempo indeterminato,2021,322.854,,
A,Annuale,ITG2,Sardegna,9,Totale,1,Dipendenti,2,Tempo indeterminato,2022,336.48,,
A,Annuale,ITG2,Sardegna,9,Totale,1,Dipendenti,2,Tempo indeterminato,2023,354.908,,
A,Annuale,ITG2,Sardegna,9,Totale,1,Dipendenti,2,Tempo indeterminato,2024,371.433,,
A,Annuale,ITG2,Sardegna,9,Totale,1,Dipendenti,9,Totale,2018,428.052,,
A,Annuale,ITG2,Sardegna,9,Totale,1,Dipendenti,9,Totale,2019,438.262,,
A,Annuale,ITG2,Sardegna,9,Totale,1,Dipendenti,9,Totale,2020,399.407,,
A,Annuale,ITG2,Sardegna,9,Totale,1,Dipendenti,9,Totale,2021,409.53,,
A,Annuale,ITG2,Sardegna,9,Totale,1,Dipendenti,9,Totale,2022,428.625,,
A,Annuale,ITG2,Sardegna,9,Totale,1,Dipendenti,9,Totale,2023,437.198,,
A,Annuale,ITG2,Sardegna,9,Totale,1,Dipendenti,9,Totale,2024,442.332,,
