region,year,tfr,share_pop_25_39,welfare_users,female_employment_rate,salary_avg_hourly,weddings_total,marriage_age_mean,housing_cost_ratio,employment_stability_ratio
Abruzzo,2004,1.2,0.22431330347911638,,,,527.7,29.95,12.2,
Abruzzo,2005,1.22,0.22161632186283414,,,,547.7,30.1,12.3,
Abruzzo,2006,1.22,0.21787874545919989,,,,548.5,30.45,12.3,
Abruzzo,2007,1.27,0.21354816870478052,,,,541.3,30.62,11.9,
Abruzzo,2008,1.31,0.21171472431703636,,,,510.8,30.78,12.1,
Abruzzo,2009,1.29,0.20808510863636603,,,,489.1,30.95,12.3,
Abruzzo,2010,1.34,0.2040836642119433,,,,469.8,31.22,11.7,
Abruzzo,2011,1.32,0.20039271151502386,19.0,,,415.5,31.65,13.6,
Abruzzo,2012,1.33,0.19631893086937455,18.4,,,431.3,31.91,12.2,
Abruzzo,2013,1.3,0.19272420554667138,18.7,,,441.2,31.92,12.0,
Abruzzo,2014,1.3,0.18912594611096323,18.1,,12.29,408.0,32.24,10.9,
Abruzzo,2015,1.29,0.18536757185654937,19.2,,12.38,415.2,32.58,10.2,
Abruzzo,2016,1.29,0.18206934921253337,17.3,,12.59,443.0,33.04,12.0,
Abruzzo,2017,1.25,0.17841285304392168,18.9,,12.43,403.9,33.44,10.8,
Abruzzo,2018,1.2,0.17559926465802847,18.3,33.805616,12.35,423.2,33.84,10.3,0.818831186440678
Abruzzo,2019,1.17,0.17256591921700387,19.3,34.83866,12.71,409.7,34.09,11.0,0.8028555984759596
Abruzzo,2020,1.17,0.16918236612024815,16.1,33.111825,12.88,174.3,35.61,11.2,0.8241826549185651
Abruzzo,2021,1.2,0.1648235925971029,20.0,34.119797,13.21,401.0,34.56,12.0,0.8009357512334657
Abruzzo,2022,1.18,0.16264195305458679,22.2,34.935312,13.02,427.0,35.26,11.3,0.7652037336935735
Abruzzo,2023,1.14,0.16067551607815958,22.6,37.920644,,396.2,35.88,11.1,0.8024088174709723
Abruzzo,2024,1.12,0.15930893191479642,,37.828621,,,,9.0,0.83470153945643
Basilicata,2004,1.23,0.22424538061076021,,,,574.4,29.16,11.8,
Basilicata,2005,1.16,0.22081138262093614,,,,580.0,29.29,13.0,
Basilicata,2006,1.2,0.21711169593517152,,,,620.2,29.58,12.8,
Basilicata,2007,1.2,0.21328454932475863,,,,626.6,29.9,12.1,
Basilicata,2008,1.23,0.2104051746053954,,,,571.9,30.08,12.3,
Basilicata,2009,1.2,0.20689507787522868,,,,582.8,30.19,12.1,
Basilicata,2010,1.2,0.2033219021726071,,,,575.8,30.6,11.2,
Basilicata,2011,1.19,0.19972451316310544,21.4,,,546.5,30.66,10.8,
Basilicata,2012,1.22,0.1964961336647335,19.7,,,515.7,30.68,11.0,
Basilicata,2013,1.13,0.19378581940957493,22.0,,,534.3,31.08,10.5,
Basilicata,2014,1.16,0.191525388406673,22.8,,11.63,523.3,31.43,12.1,
Basilicata,2015,1.18,0.18863609403456866,22.3,,11.97,525.1,31.74,12.2,
Basilicata,2016,1.18,0.18645977184950702,21.6,,11.83,565.4,31.92,11.8,
Basilicata,2017,1.2,0.18317281803656393,23.4,,12.01,539.0,32.0,11.1,
Basilicata,2018,1.14,0.18131403561126033,25.4,27.800761,11.94,560.0,32.48,11.4,0.7989248780067124
Basilicata,2019,1.15,0.178543360300186,25.8,28.166621,12.51,534.9,32.55,11.8,0.7829079150689636
Basilicata,2020,1.14,0.175772791520712,25.7,27.684326,12.44,139.6,34.99,11.8,0.7852950080111047
Basilicata,2021,1.11,0.17137746959440867,24.4,29.806355,12.62,557.8,33.09,11.3,0.7854568315171836
Basilicata,2022,1.1,0.16930417171747036,23.9,29.379563,12.75,540.3,33.55,11.1,0.7905432735895112
Basilicata,2023,1.09,0.16755553157966208,30.5,31.101015,,499.8,33.9,10.8,0.7872747793139585
Basilicata,2024,1.09,0.16543049661217515,,31.458539,,,,9.2,0.7980045029349487
Calabria,2004,1.27,0.2236907283175972,,,,634.3,28.39,12.5,
Calabria,2005,1.26,0.22012352242213584,,,,627.4,28.75,14.5,
Calabria,2006,1.29,0.21717399530765155,,,,638.8,28.97,12.1,
Calabria,2007,1.29,0.21380906185136747,,,,655.9,29.13,11.8,
Calabria,2008,1.29,0.21281189570641115,,,,651.6,29.38,12.4,
Calabria,2009,1.31,0.2103623136712661,,,,643.7,29.63,11.3,
Calabria,2010,1.32,0.20740526057648265,,,,628.1,29.72,10.6,
Calabria,2011,1.29,0.20543759308211915,12.0,,,610.2,30.0,11.3,
Calabria,2012,1.3,0.20289545123889022,14.9,,,619.9,29.92,10.6,
Calabria,2013,1.29,0.20062065908083346,16.4,,,584.3,30.39,9.4,
Calabria,2014,1.3,0.19902248259393962,16.8,,11.36,575.2,30.66,10.6,
Calabria,2015,1.31,0.19702233860881585,9.7,,11.28,587.7,30.94,12.0,
Calabria,2016,1.31,0.19523232385613598,10.2,,11.33,630.3,31.06,11.9,
Calabria,2017,1.3,0.19273349087926858,8.9,,11.46,551.8,31.4,11.0,
Calabria,2018,1.29,0.1907629802048271,8.4,23.868843,11.31,586.3,31.29,10.4,0.740905376196259
Calabria,2019,1.26,0.18832481442410937,6.8,23.319006,11.66,548.1,31.73,10.7,0.7269222996867738
Calabria,2020,1.26,0.1840500287734081,6.0,22.023033,11.69,222.5,32.9,11.2,0.7522073046444393
Calabria,2021,1.23,0.17732818589262286,5.9,23.068319,12.17,656.5,31.99,10.4,0.7435675314214502
Calabria,2022,1.28,0.1748704090750835,7.5,23.853158,11.95,573.1,32.46,11.5,0.735279491249573
Calabria,2023,1.28,0.17216250318150558,8.9,24.393658,,529.2,32.7,10.3,0.7490219859047648
Calabria,2024,1.24,0.17020964141658074,,24.812753,,,,9.4,0.7722709405754131
Campania,2004,1.49,0.2325563501395199,,,,733.4,28.25,12.7,
Campania,2005,1.45,0.22958667928361215,,,,719.0,28.44,13.5,
Campania,2006,1.46,0.22609287993810617,,,,726.8,28.76,13.4,
Campania,2007,1.47,0.22222711659180305,,,,759.1,28.92,13.3,
Campania,2008,1.46,0.2194034791432046,,,,760.1,29.16,13.8,
Campania,2009,1.45,0.21585846345194745,,,,719.3,29.27,12.9,
Campania,2010,1.44,0.21243678824354315,,,,683.9,29.4,13.1,
Campania,2011,1.41,0.20929472917536449,7.9,,,623.1,29.53,14.6,
Campania,2012,1.39,0.20576351162478232,7.4,,,609.3,29.85,13.8,
Campania,2013,1.36,0.20253074085591613,8.5,,,577.7,30.18,13.8,
Campania,2014,1.34,0.20011688063242847,9.1,,11.89,575.4,30.4,14.4,
Campania,2015,1.35,0.19742762780456793,9.1,,11.89,578.3,30.74,13.6,
Campania,2016,1.35,0.19538342224186264,7.5,,11.84,624.4,31.05,13.9,
Campania,2017,1.36,0.1933977697123629,8.0,,12.08,569.5,31.46,13.7,
Campania,2018,1.33,0.19211926518105762,7.2,23.319756,12.05,587.1,31.74,13.4,0.8156688399400135
Campania,2019,1.31,0.18993340233099681,7.4,23.289068,12.28,581.2,31.96,13.6,0.7977240678722748
Campania,2020,1.3,0.18724496217969333,5.7,22.142822,12.32,251.7,32.8,11.7,0.8178629065864543
Campania,2021,1.28,0.18246471535810935,6.9,22.69733,12.73,623.1,32.22,13.1,0.7764473356937412
Campania,2022,1.33,0.180874472390042,7.6,23.728788,12.62,586.2,32.75,13.4,0.7788652719932341
Campania,2023,1.29,0.17892121558717156,8.5,24.152287,,537.2,33.24,12.2,0.8003588125629657
Campania,2024,1.26,0.17733547900161353,,25.070098,,,,11.3,0.8125527399480821
Emilia-Romagna,2004,1.33,0.23326282525038863,,,,419.9,31.2,12.9,
Emilia-Romagna,2005,1.35,0.2297549960346529,,,,427.2,31.49,13.5,
Emilia-Romagna,2006,1.4,0.22499910520850325,,,,435.0,31.81,13.7,
Emilia-Romagna,2007,1.45,0.2195036947917727,,,,452.1,32.31,14.3,
Emilia-Romagna,2008,1.5,0.21540729703082906,,,,446.1,32.51,14.7,
Emilia-Romagna,2009,1.52,0.21094188528475372,,,,416.1,33.07,13.9,
Emilia-Romagna,2010,1.52,0.20485447383717648,,,,388.4,33.52,13.2,
Emilia-Romagna,2011,1.49,0.19914699325989713,21.6,,,373.4,33.75,13.1,
Emilia-Romagna,2012,1.48,0.19287393249492066,21.8,,,378.6,33.87,13.5,
Emilia-Romagna,2013,1.46,0.1873413811205995,23.0,,,353.2,34.32,14.0,
Emilia-Romagna,2014,1.43,0.18188677014629845,23.7,,14.16,350.1,34.61,13.0,
Emilia-Romagna,2015,1.43,0.1756298573621503,23.1,,14.39,363.0,35.05,12.8,
Emilia-Romagna,2016,1.4,0.170960527383733,22.9,,14.4,377.4,35.38,12.3,
Emilia-Romagna,2017,1.36,0.16720107897529782,22.4,,14.35,350.0,35.73,11.5,
Emilia-Romagna,2018,1.35,0.16437970093928816,22.8,46.080285,14.23,355.5,36.05,11.7,0.8217105462010048
Emilia-Romagna,2019,1.3,0.162464095932842,20.5,47.09218,14.43,341.7,36.6,12.0,0.8294782976355062
Emilia-Romagna,2020,1.26,0.16129587943332155,11.2,45.169144,14.8,193.2,38.03,10.6,0.8485754199018876
Emilia-Romagna,2021,1.27,0.16082161111995957,15.6,45.303208,15.03,327.7,37.12,10.8,0.8408286067912222
Emilia-Romagna,2022,1.27,0.15984892549000468,15.9,46.431936,14.98,354.7,37.91,10.4,0.8345163759213992
Emilia-Romagna,2023,1.22,0.16088303123911288,16.8,46.956019,,342.8,38.62,10.9,0.8405074048615885
Emilia-Romagna,2024,1.19,0.1620193273131836,,46.518636,,,,10.0,0.8524566440027658
Friuli-Venezia Giulia,2004,1.21,0.22974456108792451,,,,458.4,31.1,12.4,
Friuli-Venezia Giulia,2005,1.24,0.22510425771007617,,,,458.6,31.41,13.1,
Friuli-Venezia Giulia,2006,1.29,0.21927768289684413,,,,444.7,31.61,13.5,
Friuli-Venezia Giulia,2007,1.35,0.21325354059579682,,,,451.1,32.11,12.9,
Friuli-Venezia Giulia,2008,1.36,0.20807783353148862,,,,425.9,32.44,13.1,
Friuli-Venezia Giulia,2009,1.38,0.2027619252147343,,,,407.8,32.92,12.8,
Friuli-Venezia Giulia,2010,1.4,0.19629744434746432,,,,406.4,33.09,12.0,
Friuli-Venezia Giulia,2011,1.39,0.18938990224105387,17.4,,,374.8,33.56,12.4,
Friuli-Venezia Giulia,2012,1.41,0.1825493077223567,18.1,,,409.0,33.61,12.3,
Friuli-Venezia Giulia,2013,1.38,0.17658309843288134,17.7,,,376.2,34.07,12.5,
Friuli-Venezia Giulia,2014,1.39,0.17152713831364327,21.8,,13.77,384.9,34.17,12.5,
Friuli-Venezia Giulia,2015,1.33,0.16540063388951462,18.7,,13.99,393.5,34.7,11.7,
Friuli-Venezia Giulia,2016,1.34,0.16070935234762476,15.3,,13.87,391.3,35.41,11.5,
Friuli-Venezia Giulia,2017,1.32,0.15703132150239651,14.7,,13.93,359.1,35.8,10.6,
Friuli-Venezia Giulia,2018,1.28,0.15501566686344853,14.2,42.239287,13.87,367.3,35.99,10.2,0.82151
Friuli-Venezia Giulia,2019,1.25,0.1527626084959361,13.2,41.510371,14.13,352.4,36.43,11.2,0.8387040747182533
Friuli-Venezia Giulia,2020,1.26,0.15059989255655704,10.7,41.699172,14.23,201.4,37.99,11.0,0.8645254226942564
Friuli-Venezia Giulia,2021,1.25,0.1495501493953442,10.8,42.619492,14.37,322.2,37.17,11.0,0.843632338268602
Friuli-Venezia Giulia,2022,1.26,0.14862298235378316,9.6,43.728384,14.49,363.5,37.32,11.5,0.8458330572096677
Friuli-Venezia Giulia,2023,1.21,0.1490352087673582,11.0,44.076897,,347.1,37.96,10.1,0.860505847702382
Friuli-Venezia Giulia,2024,1.19,0.1500381712617276,,45.26687,,,,8.8,0.8714138632149597
Lazio,2004,1.3,0.23614446262468816,,,,563.6,30.93,12.8,
Lazio,2005,1.28,0.23283446580479383,,,,560.9,31.21,13.0,
Lazio,2006,1.34,0.2277569834725856,,,,566.0,31.42,13.1,
Lazio,2007,1.35,0.22187596340285584,,,,574.5,31.63,12.4,
Lazio,2008,1.46,0.21809544290796642,,,,542.2,32.07,13.7,
Lazio,2009,1.43,0.21371314787864296,,,,506.8,32.32,13.1,
Lazio,2010,1.44,0.20863280919995664,,,,462.7,32.56,12.6,
Lazio,2011,1.46,0.20395121665361027,10.0,,,449.4,32.91,13.0,
Lazio,2012,1.44,0.19902078346598984,13.3,,,459.4,33.12,12.6,
Lazio,2013,1.43,0.19580951066112273,13.8,,,407.3,33.47,13.8,
Lazio,2014,1.4,0.19183117267693403,14.8,,14.73,378.3,33.84,13.3,
Lazio,2015,1.36,0.18675837469031223,12.1,,14.9,378.6,34.13,13.5,
Lazio,2016,1.36,0.1828141174150934,14.0,,14.7,389.4,34.47,13.5,
Lazio,2017,1.3,0.17926195148951557,13.9,,14.88,382.6,34.97,11.7,
Lazio,2018,1.25,0.175994518067553,13.6,40.106054,14.84,379.5,35.27,11.7,0.8509845798658068
Lazio,2019,1.18,0.17249504423638282,12.7,40.476916,15.08,360.7,35.49,11.7,0.8456821123815379
Lazio,2020,1.18,0.16944750421321472,9.5,38.727271,15.51,182.9,37.38,10.0,0.8612896035912135
Lazio,2021,1.18,0.1659408009808741,11.5,39.077205,16.14,333.6,36.29,11.4,0.8509257725812327
Lazio,2022,1.16,0.16339654957005237,13.3,40.412337,16.21,372.5,36.76,11.6,0.8478982194288897
Lazio,2023,1.11,0.16250015732791473,13.8,41.179835,,362.9,37.25,11.1,0.8338087393951408
Lazio,2024,1.1,0.16156223943500542,,41.701376,,,,10.7,0.8603457354824438
Liguria,2004,1.18,0.20814859082846443,,,,543.2,31.77,14.9,
Liguria,2005,1.19,0.20285737242449606,,,,560.7,32.14,14.4,
Liguria,2006,1.24,0.19606932759820356,,,,576.2,32.37,15.4,
Liguria,2007,1.28,0.18953146923040914,,,,578.3,32.68,15.9,
Liguria,2008,1.35,0.18403371374764832,,,,567.4,33.01,15.9,
Liguria,2009,1.36,0.17893108701586738,,,,519.8,33.22,14.6,
Liguria,2010,1.35,0.17314206330107312,,,,500.7,33.68,14.1,
Liguria,2011,1.33,0.16831670112828576,11.6,,,476.0,34.05,13.7,
Liguria,2012,1.38,0.16297380787071974,12.2,,,498.9,34.08,13.8,
Liguria,2013,1.35,0.15859542046289285,13.8,,,458.1,34.63,14.2,
Liguria,2014,1.35,0.15487792994086017,14.6,,14.53,443.4,34.71,15.2,
Liguria,2015,1.32,0.15003819865466822,14.1,,14.78,455.8,35.28,14.2,
Liguria,2016,1.31,0.14691328859336142,15.1,,14.75,456.4,35.69,14.1,
Liguria,2017,1.29,0.14508962671275039,13.5,,14.59,447.1,35.88,12.9,
Liguria,2018,1.24,0.14363743812198312,15.3,38.196343,14.48,453.0,36.32,12.7,0.8488004037911503
Liguria,2019,1.21,0.14295815992380853,15.4,38.872826,14.64,407.9,36.95,12.8,0.8484693935375652
Liguria,2020,1.23,0.1424103471478057,9.6,37.580574,14.9,218.2,38.86,11.7,0.8570171972604801
Liguria,2021,1.21,0.14283748053171066,13.6,38.78182,15.14,386.2,37.96,12.9,0.848600754649178
Liguria,2022,1.2,0.14285458714958055,14.1,39.360254,15.04,424.4,38.0,12.8,0.8408648511555654
Liguria,2023,1.17,0.14497730221353164,15.2,41.685004,,403.5,38.97,13.0,0.8496055915709403
Liguria,2024,1.17,0.14671534781398676,,41.770157,,,,11.0,0.8596584063985007
Lombardia,2004,1.36,0.2421937927515351,,,,453.0,30.26,14.0,
Lombardia,2005,1.37,0.2388298287012619,,,,455.0,30.57,13.7,
Lombardia,2006,1.43,0.23302169595063488,,,,455.4,30.88,14.1,
Lombardia,2007,1.47,0.2260999554579681,,,,477.1,31.22,14.3,
Lombardia,2008,1.53,0.2203947537777081,,,,465.9,31.41,14.9,
Lombardia,2009,1.56,0.21436370421553794,,,,436.5,31.73,14.4,
Lombardia,2010,1.56,0.20772083344449485,,,,407.1,32.35,13.5,
Lombardia,2011,1.52,0.20226576482337114,26.2,,,388.5,32.52,13.5,
Lombardia,2012,1.51,0.1964746548546322,25.4,,,389.6,32.84,12.8,
Lombardia,2013,1.47,0.1914155557542105,24.8,,,361.3,33.23,13.7,
Lombardia,2014,1.46,0.1867592287393594,24.9,,15.5,352.5,33.38,13.5,
Lombardia,2015,1.45,0.18138873940721276,25.2,,15.77,361.3,33.92,13.2,
Lombardia,2016,1.43,0.17654238657895152,20.4,,15.75,379.5,34.32,13.0,
Lombardia,2017,1.4,0.172799558373625,24.1,,15.76,349.4,34.82,11.5,
Lombardia,2018,1.36,0.16997861812230786,23.4,44.160378,15.78,361.7,35.05,11.7,0.874269706671405
Lombardia,2019,1.33,0.16795225731964564,23.7,44.744864,15.68,343.2,35.51,12.2,0.8753302826070307
Lombardia,2020,1.27,0.16665220657939955,15.5,43.443918,16.38,175.4,37.27,11.2,0.8910099656839283
Lombardia,2021,1.27,0.1656392381386706,22.0,44.04764,16.77,326.0,36.41,12.1,0.88638801164867
Lombardia,2022,1.25,0.16396533683381803,25.1,44.583661,16.73,358.0,36.81,11.9,0.8854828038911063
Lombardia,2023,1.21,0.1646729331873504,27.5,45.791906,,349.0,37.47,11.5,0.8915049212668817
Lombardia,2024,1.19,0.16572133949736986,,46.037874,,,,10.4,0.9000512891969534
Marche,2004,1.27,0.2242839530678852,,,,495.3,30.09,12.0,
Marche,2005,1.28,0.22183801117538443,,,,500.1,30.32,12.5,
Marche,2006,1.32,0.21823221525396982,,,,524.0,30.63,12.4,
Marche,2007,1.36,0.21382165955671856,,,,501.2,31.1,12.3,
Marche,2008,1.42,0.21105716087732435,,,,503.7,31.36,12.7,
Marche,2009,1.43,0.20767959077478468,,,,470.0,31.41,11.8,
Marche,2010,1.41,0.20223622963537627,,,,430.7,31.6,11.2,
Marche,2011,1.42,0.19717788148805898,25.5,,,416.7,32.24,11.8,
Marche,2012,1.38,0.19157166727956593,26.7,,,410.5,32.09,11.6,
Marche,2013,1.35,0.18679640232317737,25.0,,,393.0,32.74,11.9,
Marche,2014,1.35,0.1824885542098694,26.2,,12.7,384.7,32.85,11.2,
Marche,2015,1.34,0.1774387092308598,24.3,,12.89,397.6,33.04,11.4,
Marche,2016,1.32,0.17280404461136656,25.9,,12.83,418.7,33.53,11.5,
Marche,2017,1.26,0.1688977200057424,26.8,,12.9,378.5,34.06,10.0,
Marche,2018,1.23,0.16574714134745347,27.2,41.04709,12.73,405.1,34.3,10.0,0.8076635622672219
Marche,2019,1.19,0.16244201060170846,25.3,41.784049,13.09,363.3,34.99,10.3,0.8251446855753442
Marche,2020,1.19,0.15945426371348184,20.6,40.313454,13.16,166.2,36.36,9.7,0.8436350147735364
Marche,2021,1.2,0.15687314949046746,23.8,40.517464,13.36,364.1,35.36,10.6,0.8441847158055354
Marche,2022,1.16,0.15544565107756447,24.0,43.131622,13.35,404.9,35.94,10.5,0.8285192061367529
Marche,2023,1.17,0.15496214372046582,29.8,43.700079,,377.4,36.56,10.0,0.8286966269234689
Marche,2024,1.11,0.1547810616248501,,44.604239,,,,9.2,0.8268767968472397
Molise,2004,1.14,0.21712204121001752,,,,574.9,29.48,10.4,
Molise,2005,1.15,0.21441350147625482,,,,584.5,29.54,12.1,
Molise,2006,1.14,0.2109956916583975,,,,547.0,29.93,12.2,
Molise,2007,1.18,0.20772554098639617,,,,532.4,29.95,12.7,
Molise,2008,1.19,0.2058667052827421,,,,525.2,30.32,12.2,
Molise,2009,1.13,0.20284973603042747,,,,502.6,30.4,11.1,
Molise,2010,1.23,0.19912071634081263,,,,494.7,30.94,10.3,
Molise,2011,1.19,0.1958699684895304,17.7,,,455.6,30.82,10.8,
Molise,2012,1.19,0.1928318403649384,19.0,,,419.5,31.23,10.7,
Molise,2013,1.18,0.18988985603430672,17.8,,,415.4,31.67,12.5,
Molise,2014,1.18,0.18763682617602598,14.9,,11.69,426.2,31.67,11.7,
Molise,2015,1.18,0.18414376457138454,10.8,,11.79,394.8,31.9,10.9,
Molise,2016,1.16,0.181755723713495,12.2,,11.87,490.9,32.91,12.4,
Molise,2017,1.2,0.17950064850843062,14.8,,11.85,432.7,32.55,10.4,
Molise,2018,1.11,0.17745397372163724,16.2,30.560038,12.11,465.6,32.84,10.5,0.8400278738314685
Molise,2019,1.15,0.17470621152770005,15.3,31.801241,12.72,431.1,32.98,10.9,0.8294261065266317
Molise,2020,1.06,0.17098257663485472,12.3,30.798416,12.46,166.7,34.8,10.3,0.8639846213420368
Molise,2021,1.08,0.16633366633366634,27.2,28.595589,12.97,446.4,33.69,10.9,0.8192833748014451
Molise,2022,1.1,0.16443950025671744,20.0,31.842913,12.71,456.9,34.0,11.3,0.7972705349805327
Molise,2023,1.1,0.1636686439394982,19.5,33.327573,,416.2,33.95,10.4,0.8081040665899137
Molise,2024,1.05,0.16330249218598733,,34.003977,,,,9.5,0.84125385782288
Piemonte,2004,1.26,0.22582871080355268,,,,495.9,30.46,14.5,
Piemonte,2005,1.27,0.22151922074199798,,,,490.3,30.86,14.2,
Piemonte,2006,1.32,0.2160666057912068,,,,499.8,31.22,15.1,
Piemonte,2007,1.37,0.21006763092955022,,,,505.1,31.53,15.1,
Piemonte,2008,1.41,0.2069523868743422,,,,504.3,31.92,15.2,
Piemonte,2009,1.42,0.20193661129477275,,,,474.6,32.33,14.1,
Piemonte,2010,1.42,0.19557603510745705,,,,446.8,32.61,13.5,
Piemonte,2011,1.43,0.18989649927554253,21.1,,,433.4,32.84,12.9,
Piemonte,2012,1.43,0.1838980969016776,21.4,,,446.9,32.98,13.1,
Piemonte,2013,1.41,0.17910821416886738,21.7,,,400.7,33.49,13.7,
Piemonte,2014,1.41,0.17444181352133625,21.1,,14.47,393.8,33.61,14.4,
Piemonte,2015,1.37,0.16884217821845132,20.4,,14.69,426.8,34.05,13.8,
Piemonte,2016,1.36,0.16469406458517422,20.1,,14.56,433.7,34.57,13.9,
Piemonte,2017,1.35,0.16129859681654643,22.6,,14.56,407.0,34.88,12.3,
Piemonte,2018,1.3,0.15830829642261646,23.1,42.059526,14.45,407.8,35.53,12.3,0.8525845693877566
Piemonte,2019,1.27,0.15609214601143798,22.1,42.253349,14.64,387.8,35.81,12.6,0.8584122393431787
Piemonte,2020,1.25,0.15481452221031788,13.9,41.0435,14.88,196.4,37.91,12.1,0.8726188111610831
Piemonte,2021,1.24,0.15376899585842624,20.1,41.608138,14.95,375.1,36.57,12.5,0.8619201150135539
Piemonte,2022,1.22,0.15308844432436242,21.3,42.549845,15.0,401.6,37.09,12.6,0.866000133374312
Piemonte,2023,1.17,0.15414676416978979,22.3,42.767014,,381.5,37.71,12.3,0.8767945448253367
Piemonte,2024,1.14,0.15572664838815672,,44.261503,,,,11.4,0.894805643320194
Puglia,2004,1.34,0.23045170801030326,,,,606.1,28.79,13.0,
Puglia,2005,1.29,0.227526982442515,,,,630.7,28.97,13.7,
Puglia,2006,1.28,0.22420802312903018,,,,598.9,29.17,13.0,
Puglia,2007,1.31,0.22043677786978982,,,,651.7,29.49,12.8,
Puglia,2008,1.33,0.2173576430201678,,,,666.3,29.69,13.3,
Puglia,2009,1.34,0.21343828374895132,,,,644.7,29.86,12.3,
Puglia,2010,1.33,0.20968012848551054,,,,633.0,30.03,11.6,
Puglia,2011,1.31,0.20571158569499687,13.8,,,578.0,30.24,11.5,
Puglia,2012,1.3,0.2014277089507475,11.8,,,598.4,30.59,11.4,
Puglia,2013,1.28,0.19772205557715014,11.5,,,544.7,30.91,11.8,
Puglia,2014,1.29,0.19429381811903904,10.2,,11.44,540.5,31.11,11.6,
Puglia,2015,1.26,0.18993869222047569,7.6,,11.6,518.5,31.44,12.4,
Puglia,2016,1.27,0.18636780105521256,9.3,,11.67,562.4,31.74,11.6,
Puglia,2017,1.25,0.18282126018279515,9.0,,11.67,555.0,32.15,10.4,
Puglia,2018,1.23,0.17986206331171023,8.5,24.777357,11.65,576.8,32.45,10.1,0.767309167202941
Puglia,2019,1.2,0.1767820525977933,8.6,24.801264,12.12,536.6,32.69,10.8,0.7816281415899932
Puglia,2020,1.18,0.1731761146686127,7.7,24.279947,12.07,206.4,34.08,10.9,0.7913155020305279
Puglia,2021,1.2,0.16888298447014155,8.2,25.194139,12.65,588.5,33.26,11.3,0.7642062531128171
Puglia,2022,1.22,0.16730738494410188,8.1,26.152131,12.44,562.0,33.84,10.6,0.777103247655346
Puglia,2023,1.2,0.1655804731345915,5.7,27.201173,,518.8,34.2,10.4,0.7899958918304655
Puglia,2024,1.16,0.164107589944228,,27.55904,,,,10.0,0.7968443660803947
Sardegna,2004,1.04,0.24019727492899193,,,,517.7,30.55,11.6,
Sardegna,2005,1.06,0.23626205184951768,,,,495.8,30.97,11.7,
Sardegna,2006,1.08,0.232351173092939,,,,507.1,31.31,11.7,
Sardegna,2007,1.11,0.2279428770361498,,,,540.1,31.39,11.4,
Sardegna,2008,1.13,0.22436991300487916,,,,561.6,31.51,11.7,
Sardegna,2009,1.16,0.22018608348168836,,,,519.9,31.78,11.4,
Sardegna,2010,1.18,0.2147775518213279,,,,486.5,32.19,11.5,
Sardegna,2011,1.17,0.20999279516714547,16.2,,,446.8,32.4,11.7,
Sardegna,2012,1.14,0.20437453438778452,13.6,,,444.9,32.63,11.6,
Sardegna,2013,1.12,0.19917344732781614,17.8,,,420.4,32.97,11.8,
Sardegna,2014,1.11,0.19358522215659885,19.0,,12.18,386.3,33.18,12.0,
Sardegna,2015,1.11,0.1877320849523426,16.4,,12.34,394.0,33.52,12.1,
Sardegna,2016,1.08,0.1827759282845822,18.3,,12.35,421.2,34.04,11.7,
Sardegna,2017,1.08,0.1780957076413746,16.2,,12.35,393.9,34.45,11.1,
Sardegna,2018,1.03,0.17365913772807534,19.3,33.435377,12.22,392.3,35.07,10.8,0.7855984786895049
Sardegna,2019,1.0,0.16896459685487564,19.4,35.046622,12.44,375.8,35.12,11.1,0.7662357220110345
Sardegna,2020,0.97,0.16481852743293865,18.5,33.09878,12.53,186.3,36.44,10.3,0.8191393741221361
Sardegna,2021,0.99,0.15755098601045003,20.1,33.861894,12.68,317.7,36.46,10.5,0.7883525016482309
Sardegna,2022,0.95,0.15497920200981094,23.0,33.715801,13.51,369.0,36.69,12.0,0.7850218722659668
Sardegna,2023,0.91,0.15225840955146103,21.5,35.152264,,346.6,37.12,12.4,0.8117786449160336
Sardegna,2024,0.91,0.14988223143258664,,36.09056,,,,9.8,0.8397154173788014
Sicilia,2004,1.44,0.22226992963970765,,,,686.1,28.36,11.6,
Sicilia,2005,1.43,0.21934935281705667,,,,665.5,28.44,12.7,
Sicilia,2006,1.42,0.21687153235447384,,,,671.9,28.62,12.2,
Sicilia,2007,1.41,0.213802683832949,,,,678.0,28.9,12.6,
Sicilia,2008,1.44,0.21160271022570726,,,,690.3,29.13,12.6,
Sicilia,2009,1.44,0.2085106518298156,,,,665.0,29.35,12.4,
Sicilia,2010,1.42,0.20544642246451014,,,,641.7,29.6,11.7,
Sicilia,2011,1.41,0.20280336998925977,6.3,,,597.4,29.67,12.1,
Sicilia,2012,1.4,0.1999160006843218,6.5,,,608.9,29.89,12.0,
Sicilia,2013,1.37,0.19741151747092137,6.7,,,581.6,30.38,12.2,
Sicilia,2014,1.4,0.19525050210700481,6.2,,12.01,546.5,30.61,12.3,
Sicilia,2015,1.38,0.19252740407925914,6.2,,12.14,582.4,30.98,12.4,
Sicilia,2016,1.35,0.1903209175925186,6.1,,12.18,601.5,31.21,14.0,
Sicilia,2017,1.37,0.18777677333815465,6.3,,12.42,575.5,31.55,12.8,
Sicilia,2018,1.37,0.18572684810857054,6.9,22.417793,12.19,615.0,31.65,12.4,0.7676219446590831
Sicilia,2019,1.33,0.1832656011512977,7.5,22.850607,12.45,569.6,32.01,13.9,0.7622204187318242
Sicilia,2020,1.33,0.18014436064316175,6.5,21.930742,12.54,285.7,32.86,12.7,0.776153230691745
Sicilia,2021,1.35,0.17430273465178367,7.1,22.118369,12.77,643.9,32.31,11.9,0.7541118908181922
Sicilia,2022,1.35,0.17301118959623896,8.7,22.882056,12.78,578.6,33.04,11.7,0.7602843273297851
Sicilia,2023,1.32,0.17119365619059015,9.7,24.545178,,554.3,33.23,10.3,0.7562829696511424
Sicilia,2024,1.27,0.16962624644101057,,26.209093,,,,9.3,0.7685700997453165
Toscana,2004,1.28,0.224419973287603,,,,531.6,31.16,12.5,
Toscana,2005,1.28,0.2209942695958507,,,,526.7,31.61,13.6,
Toscana,2006,1.3,0.21621169603271692,,,,532.4,31.74,13.4,
Toscana,2007,1.34,0.21077380655666883,,,,555.0,32.17,13.7,
Toscana,2008,1.41,0.20706666133359924,,,,556.5,32.28,14.1,
Toscana,2009,1.37,0.20249733802976738,,,,514.0,32.53,12.3,
Toscana,2010,1.4,0.19702438250554688,,,,483.0,33.06,12.6,
Toscana,2011,1.38,0.1921064079481239,23.3,,,463.4,33.32,12.8,
Toscana,2012,1.39,0.18627949115248685,22.2,,,493.7,33.38,12.1,
Toscana,2013,1.34,0.18154087965472226,22.8,,,440.5,33.8,14.0,
Toscana,2014,1.36,0.17721583220116588,24.0,,13.36,430.2,34.2,13.1,
Toscana,2015,1.31,0.17180033184953158,23.4,,13.62,433.0,34.57,11.9,
Toscana,2016,1.31,0.16751994272253654,24.6,,13.48,459.9,34.87,12.5,
Toscana,2017,1.29,0.1640168958327679,25.1,,13.6,433.8,35.28,11.7,
Toscana,2018,1.26,0.16104398434503003,24.0,43.559045,13.53,431.3,35.61,11.2,0.8402936507329801
Toscana,2019,1.21,0.15831469820548918,23.0,43.739205,13.75,414.4,35.88,11.1,0.8301532461476505
Toscana,2020,1.16,0.15613200074203362,16.9,42.245617,14.0,189.7,37.88,10.3,0.8603059992691211
Toscana,2021,1.2,0.15510992142956756,22.3,42.542977,14.27,374.8,36.99,11.3,0.8496675805200915
Toscana,2022,1.16,0.15280311619022868,22.0,44.813181,14.15,433.1,37.05,11.3,0.8280635437102254
Toscana,2023,1.12,0.15289565948048336,23.7,44.914683,,418.7,37.65,10.2,0.8367720185150992
Toscana,2024,1.12,0.1528434407039418,,45.716216,,,,9.7,0.8465418631641783
Trentino-Alto Adige/Südtirol,2004,1.55,0.23635157158030262,,,,,,,
Trentino-Alto Adige/Südtirol,2005,1.55,0.2310055716165111,,,,,,,
Trentino-Alto Adige/Südtirol,2006,1.54,0.22500114782449,,,,,,,
Trentino-Alto Adige/Südtirol,2007,1.57,0.21910170283050337,,,,,,,
Trentino-Alto Adige/Südtirol,2008,1.61,0.2146800565753921,,,,,,,
Trentino-Alto Adige/Südtirol,2009,1.58,0.20925170148617192,,,,,,,
Trentino-Alto Adige/Südtirol,2010,1.63,0.2031026017117735,,,,,,,
Trentino-Alto Adige/Südtirol,2011,1.61,0.19810645879257144,,,,,,,
Trentino-Alto Adige/Südtirol,2012,1.64,0.19236431474063254,,,,,,,
Trentino-Alto Adige/Südtirol,2013,1.63,0.18780369244077338,,,,,,,
Trentino-Alto Adige/Südtirol,2014,1.65,0.18410248222299522,,,,,,,
Trentino-Alto Adige/Südtirol,2015,1.64,0.17977015325010273,,,,,,,
Trentino-Alto Adige/Südtirol,2016,1.64,0.1764193005053007,,,,,,,
Trentino-Alto Adige/Südtirol,2017,1.62,0.1742127261138593,,,,,,,
Trentino-Alto Adige/Südtirol,2018,1.59,0.17301059754589057,,,,,,,
Trentino-Alto Adige/Südtirol,2019,1.57,0.17158302251139163,,,,,,,
Trentino-Alto Adige/Südtirol,2020,1.54,0.1706124561600417,,,,,,,
Trentino-Alto Adige/Südtirol,2021,1.57,0.1707787179758569,,,,,,,
Trentino-Alto Adige/Südtirol,2022,1.51,0.16910711324976202,,,,,,,
Trentino-Alto Adige/Südtirol,2023,1.43,0.16921430116521205,,,,,,,
Trentino-Alto Adige/Südtirol,2024,1.39,0.17002831804134472,,,,,,,
Umbria,2004,1.31,0.21863673675944922,,,,585.8,30.45,10.9,
Umbria,2005,1.34,0.2160115513065827,,,,599.6,30.6,12.6,
Umbria,2006,1.36,0.21247494316554752,,,,593.8,30.88,12.1,
Umbria,2007,1.4,0.20831688609897217,,,,570.5,31.14,12.0,
Umbria,2008,1.44,0.20638103270374056,,,,586.0,31.51,12.9,
Umbria,2009,1.38,0.20385043881587922,,,,512.9,31.57,12.5,
Umbria,2010,1.41,0.19911699928921495,,,,488.9,32.0,11.8,
Umbria,2011,1.39,0.19521951767946483,18.3,,,477.0,32.4,11.4,
Umbria,2012,1.39,0.19015686085127362,19.0,,,469.0,32.53,11.2,
Umbria,2013,1.38,0.18617024851524852,19.0,,,413.6,32.77,13.0,
Umbria,2014,1.34,0.1819910122082863,20.4,,12.74,422.6,33.16,12.6,
Umbria,2015,1.29,0.17671295795958067,19.4,,12.64,418.6,33.73,12.5,
Umbria,2016,1.28,0.17230672825904997,20.7,,12.71,437.8,33.55,12.1,
Umbria,2017,1.26,0.16842604700156188,19.3,,13.04,400.4,34.66,10.8,
Umbria,2018,1.22,0.16542019927505228,19.2,39.34994,13.02,422.0,34.55,10.1,0.8212936940943719
Umbria,2019,1.2,0.1625865241993078,18.4,41.587207,13.04,401.7,35.22,10.5,0.817320693544893
Umbria,2020,1.16,0.15984209891227527,11.7,40.733483,13.18,183.0,36.95,10.1,0.8459725404864148
Umbria,2021,1.18,0.15611957682228478,15.6,41.468083,13.44,344.0,35.63,11.0,0.8254550328174619
Umbria,2022,1.13,0.1536366515605278,19.5,41.428241,13.3,430.2,35.95,10.1,0.8147245083616502
Umbria,2023,1.11,0.15285372492284627,21.7,42.267565,,405.5,36.39,9.6,0.8270261542295717
Umbria,2024,1.11,0.15122592806200677,,44.552534,,,,8.9,0.8298067950567634
Valle d'Aosta/Vallée d'Aoste,2004,1.33,,,,,,,,
Valle d'Aosta/Vallée d'Aoste,2005,1.34,,,,,,,,
Valle d'Aosta/Vallée d'Aoste,2006,1.44,,,,,,,,
Valle d'Aosta/Vallée d'Aoste,2007,1.47,,,,,,,,
Valle d'Aosta/Vallée d'Aoste,2008,1.57,,,,,,,,
Valle d'Aosta/Vallée d'Aoste,2009,1.62,,,,,,,,
Valle d'Aosta/Vallée d'Aoste,2010,1.62,,,,,,,,
Valle d'Aosta/Vallée d'Aoste,2011,1.6,,,,,,,,
Valle d'Aosta/Vallée d'Aoste,2012,1.57,,,,,,,,
Valle d'Aosta/Vallée d'Aoste,2013,1.44,,,,,,,,
Valle d'Aosta/Vallée d'Aoste,2014,1.54,,,,,,,,
Valle d'Aosta/Vallée d'Aoste,2015,1.41,,,,,,,,
Valle d'Aosta/Vallée d'Aoste,2016,1.42,,,,,,,,
Valle d'Aosta/Vallée d'Aoste,2017,1.35,,,,,,,,
Valle d'Aosta/Vallée d'Aoste,2018,1.39,,,,,,,,
Valle d'Aosta/Vallée d'Aoste,2019,1.31,,,,,,,,
Valle d'Aosta/Vallée d'Aoste,2020,1.23,0.153150343106675,,,,,,,
Valle d'Aosta/Vallée d'Aoste,2021,1.21,0.15194739259724874,,,,,,,
Valle d'Aosta/Vallée d'Aoste,2022,1.27,0.1515888456549935,,,,,,,
Valle d'Aosta/Vallée d'Aoste,2023,1.17,0.15116543490619672,,,,,,,
Valle d'Aosta/Vallée d'Aoste,2024,1.05,0.15054078468712614,,,,,,,
Veneto,2004,1.36,0.24357830287682425,,,,487.6,30.21,13.6,
Veneto,2005,1.36,0.23872935960165426,,,,494.3,30.52,14.1,
Veneto,2006,1.4,0.23245730999913372,,,,488.3,30.84,13.9,
Veneto,2007,1.44,0.22558223492715376,,,,500.0,31.23,14.0,
Veneto,2008,1.49,0.2205357228492876,,,,493.0,31.46,14.7,
Veneto,2009,1.48,0.2146654063640055,,,,455.8,31.7,13.6,
Veneto,2010,1.49,0.20720232793214255,,,,451.2,32.08,13.2,
Veneto,2011,1.47,0.20053893695515582,23.5,,,426.3,32.45,12.5,
Veneto,2012,1.48,0.19331585684447616,23.2,,,441.0,32.56,12.2,
Veneto,2013,1.43,0.18699865242996155,23.8,,,410.6,32.87,12.5,
Veneto,2014,1.42,0.18134900703506443,23.4,,13.68,410.6,33.1,12.7,
Veneto,2015,1.39,0.175099445325366,24.0,,13.89,423.4,33.63,12.3,
Veneto,2016,1.39,0.17021077779468077,25.9,,13.94,435.9,33.93,11.9,
Veneto,2017,1.37,0.1661740768112532,24.7,,14.13,405.0,34.4,10.5,
Veneto,2018,1.34,0.16333813842263042,24.8,43.304225,14.01,420.0,34.62,10.4,0.8301250863418503
Veneto,2019,1.29,0.1610438132985573,24.6,43.875403,14.26,388.1,35.09,10.8,0.846676155072201
Veneto,2020,1.28,0.1591071610468499,14.6,41.579428,14.35,221.3,36.08,10.7,0.8618261858432914
Veneto,2021,1.3,0.15813775840224403,21.1,42.65878,14.63,363.3,35.95,11.4,0.8515273680701126
Veneto,2022,1.26,0.15656289676952892,23.1,44.033522,14.7,399.5,36.3,10.9,0.8462817652617044
Veneto,2023,1.21,0.15699055150031355,24.9,46.239175,,388.5,36.95,10.8,0.8660926046167462
Veneto,2024,1.2,0.1577133004796159,,45.865782,,,,9.8,0.876190609388374
